dataset,dataset_revision,training_seed,behavior_step,target_step,pair_purpose,overlap_band,representative_rank,estimator,estimate,estimate_status,online_reference,signed_error,absolute_error,ope_ci_low,ope_ci_high,online_ci_low,online_ci_high,signed_error_ci_low,signed_error_ci_high,absolute_error_ci_low,absolute_error_ci_high,bootstrap_reps,bootstrap_nonfinite_fraction,n_prompts,K,L,median_prompt_ess,median_prompt_relative_ess,p10_prompt_relative_ess,mean_d2,median_d2,mean_max_normalized_weight,p90_max_normalized_weight,tokenwise_kl_proxy,mean_abs_log_weight,mean_log_weight,sd_log_weight,mean_completion_length,truncation_rate,gate_kind,gate_tolerance,gate_diagnostic,gate_threshold,gate_decision,gate_accepted,gate_reliable,gate_false_accept,gate_false_reject
SVAMP,689d7ccac74b9983a2ac7cc3b264f441b99e7c53,20260826,0,300,fixed,low_overlap,1,is,0.18926976432653755,ok,0.18509375,0.004176014326537553,0.004176014326537553,0.16171926398478573,0.2178388484653287,0.16649765625000001,0.2034375,-0.016528130744306195,0.025244249257226153,0.0003269922674954885,0.025652423963634676,2000,0.0,1000,16,32,2.1782318230790354,0.1361394889424397,0.06251162155736786,0.018757865606599148,1.636869380253545,0.597743167917623,0.999907037698764,0.1542335670652272,13.540617496015122,-13.055958208452957,2.529496223263976,84.6505625,0.433375,not_applicable,,,,,,,,
SVAMP,689d7ccac74b9983a2ac7cc3b264f441b99e7c53,20260826,0,300,fixed,low_overlap,1,prompt_wis,0.16337842190393342,ok,0.18509375,-0.021715328096066577,0.021715328096066577,0.14322609625170138,0.18356616878185641,0.16649921875,0.20356328125,-0.03461716398773586,-0.00876525352335359,0.008765253523353576,0.03461716398773585,2000,0.0,1000,16,32,2.1782318230790354,0.1361394889424397,0.06251162155736786,0.018757865606599148,1.636869380253545,0.597743167917623,0.999907037698764,0.1542335670652272,13.540617496015122,-13.055958208452957,2.529496223263976,84.6505625,0.433375,primary_ress,0.01,median_prompt_relative_ess,0.12239330421733255,accept,True,False,True,False
SVAMP,689d7ccac74b9983a2ac7cc3b264f441b99e7c53,20260826,0,300,fixed,low_overlap,1,prompt_wis,0.16337842190393342,ok,0.18509375,-0.021715328096066577,0.021715328096066577,0.14322609625170138,0.18356616878185641,0.16649921875,0.20356328125,-0.03461716398773586,-0.00876525352335359,0.008765253523353576,0.03461716398773585,2000,0.0,1000,16,32,2.1782318230790354,0.1361394889424397,0.06251162155736786,0.018757865606599148,1.636869380253545,0.597743167917623,0.999907037698764,0.1542335670652272,13.540617496015122,-13.055958208452957,2.529496223263976,84.6505625,0.433375,primary_ress,0.02,median_prompt_relative_ess,0.12239330421733255,accept,True,False,True,False
SVAMP,689d7ccac74b9983a2ac7cc3b264f441b99e7c53,20260826,0,300,fixed,low_overlap,1,prompt_wis,0.16337842190393342,ok,0.18509375,-0.021715328096066577,0.021715328096066577,0.14322609625170138,0.18356616878185641,0.16649921875,0.20356328125,-0.03461716398773586,-0.00876525352335359,0.008765253523353576,0.03461716398773585,2000,0.0,1000,16,32,2.1782318230790354,0.1361394889424397,0.06251162155736786,0.018757865606599148,1.636869380253545,0.597743167917623,0.999907037698764,0.1542335670652272,13.540617496015122,-13.055958208452957,2.529496223263976,84.6505625,0.433375,primary_ress,0.05,median_prompt_relative_ess,0.12239330421733255,accept,True,True,False,False
SVAMP,689d7ccac74b9983a2ac7cc3b264f441b99e7c53,20260826,0,300,fixed,low_overlap,1,prompt_wis,0.16337842190393342,ok,0.18509375,-0.021715328096066577,0.021715328096066577,0.14322609625170138,0.18356616878185641,0.16649921875,0.20356328125,-0.03461716398773586,-0.00876525352335359,0.008765253523353576,0.03461716398773585,2000,0.0,1000,16,32,2.1782318230790354,0.1361394889424397,0.06251162155736786,0.018757865606599148,1.636869380253545,0.597743167917623,0.999907037698764,0.1542335670652272,13.540617496015122,-13.055958208452957,2.529496223263976,84.6505625,0.433375,kl_baseline,0.01,tokenwise_kl_proxy,0.11820255104644571,refresh,False,False,False,False
SVAMP,689d7ccac74b9983a2ac7cc3b264f441b99e7c53,20260826,0,300,fixed,low_overlap,1,prompt_wis,0.16337842190393342,ok,0.18509375,-0.021715328096066577,0.021715328096066577,0.14322609625170138,0.18356616878185641,0.16649921875,0.20356328125,-0.03461716398773586,-0.00876525352335359,0.008765253523353576,0.03461716398773585,2000,0.0,1000,16,32,2.1782318230790354,0.1361394889424397,0.06251162155736786,0.018757865606599148,1.636869380253545,0.597743167917623,0.999907037698764,0.1542335670652272,13.540617496015122,-13.055958208452957,2.529496223263976,84.6505625,0.433375,kl_baseline,0.02,tokenwise_kl_proxy,0.11820255104644571,refresh,False,False,False,False
SVAMP,689d7ccac74b9983a2ac7cc3b264f441b99e7c53,20260826,0,300,fixed,low_overlap,1,prompt_wis,0.16337842190393342,ok,0.18509375,-0.021715328096066577,0.021715328096066577,0.14322609625170138,0.18356616878185641,0.16649921875,0.20356328125,-0.03461716398773586,-0.00876525352335359,0.008765253523353576,0.03461716398773585,2000,0.0,1000,16,32,2.1782318230790354,0.1361394889424397,0.06251162155736786,0.018757865606599148,1.636869380253545,0.597743167917623,0.999907037698764,0.1542335670652272,13.540617496015122,-13.055958208452957,2.529496223263976,84.6505625,0.433375,kl_baseline,0.05,tokenwise_kl_proxy,0.11820255104644571,refresh,False,True,False,True
SVAMP,689d7ccac74b9983a2ac7cc3b264f441b99e7c53,20260826,0,260,fixed,low_overlap,2,is,0.18039747609257814,ok,0.174625,0.005772476092578138,0.005772476092578138,0.15604154964857486,0.20764029022502822,0.155996875,0.193875,-0.012652510404924745,0.025841657363838942,0.0003731222391802319,0.025841657363838942,2000,0.0,1000,16,8,2.2704629976212143,0.1419039373513259,0.0625179136379762,0.17336970530583767,1.6397776813185798,0.5877852455689854,0.9998567116074951,0.14500711176592015,12.771666307075387,-12.274933577485509,2.3899905014067624,84.6505625,0.433375,not_applicable,,,,,,,,
SVAMP,689d7ccac74b9983a2ac7cc3b264f441b99e7c53,20260826,0,260,fixed,low_overlap,2,prompt_wis,0.1592650369191123,ok,0.174625,-0.01535996308088769,0.01535996308088769,0.1386519734250647,0.18006402006393177,0.1555,0.194003125,-0.028978296691418964,-0.0013047097693036128,0.002081144901848988,0.028978296691418964,2000,0.0,1000,16,8,2.2704629976212143,0.1419039373513259,0.0625179136379762,0.17336970530583767,1.6397776813185798,0.5877852455689854,0.9998567116074951,0.14500711176592015,12.771666307075387,-12.274933577485509,2.3899905014067624,84.6505625,0.433375,primary_ress,0.01,median_prompt_relative_ess,0.12239330421733255,accept,True,False,True,False
SVAMP,689d7ccac74b9983a2ac7cc3b264f441b99e7c53,20260826,0,260,fixed,low_overlap,2,prompt_wis,0.1592650369191123,ok,0.174625,-0.01535996308088769,0.01535996308088769,0.1386519734250647,0.18006402006393177,0.1555,0.194003125,-0.028978296691418964,-0.0013047097693036128,0.002081144901848988,0.028978296691418964,2000,0.0,1000,16,8,2.2704629976212143,0.1419039373513259,0.0625179136379762,0.17336970530583767,1.6397776813185798,0.5877852455689854,0.9998567116074951,0.14500711176592015,12.771666307075387,-12.274933577485509,2.3899905014067624,84.6505625,0.433375,primary_ress,0.02,median_prompt_relative_ess,0.12239330421733255,accept,True,True,False,False
SVAMP,689d7ccac74b9983a2ac7cc3b264f441b99e7c53,20260826,0,260,fixed,low_overlap,2,prompt_wis,0.1592650369191123,ok,0.174625,-0.01535996308088769,0.01535996308088769,0.1386519734250647,0.18006402006393177,0.1555,0.194003125,-0.028978296691418964,-0.0013047097693036128,0.002081144901848988,0.028978296691418964,2000,0.0,1000,16,8,2.2704629976212143,0.1419039373513259,0.0625179136379762,0.17336970530583767,1.6397776813185798,0.5877852455689854,0.9998567116074951,0.14500711176592015,12.771666307075387,-12.274933577485509,2.3899905014067624,84.6505625,0.433375,primary_ress,0.05,median_prompt_relative_ess,0.12239330421733255,accept,True,True,False,False
SVAMP,689d7ccac74b9983a2ac7cc3b264f441b99e7c53,20260826,0,260,fixed,low_overlap,2,prompt_wis,0.1592650369191123,ok,0.174625,-0.01535996308088769,0.01535996308088769,0.1386519734250647,0.18006402006393177,0.1555,0.194003125,-0.028978296691418964,-0.0013047097693036128,0.002081144901848988,0.028978296691418964,2000,0.0,1000,16,8,2.2704629976212143,0.1419039373513259,0.0625179136379762,0.17336970530583767,1.6397776813185798,0.5877852455689854,0.9998567116074951,0.14500711176592015,12.771666307075387,-12.274933577485509,2.3899905014067624,84.6505625,0.433375,kl_baseline,0.01,tokenwise_kl_proxy,0.11820255104644571,refresh,False,False,False,False
SVAMP,689d7ccac74b9983a2ac7cc3b264f441b99e7c53,20260826,0,260,fixed,low_overlap,2,prompt_wis,0.1592650369191123,ok,0.174625,-0.01535996308088769,0.01535996308088769,0.1386519734250647,0.18006402006393177,0.1555,0.194003125,-0.028978296691418964,-0.0013047097693036128,0.002081144901848988,0.028978296691418964,2000,0.0,1000,16,8,2.2704629976212143,0.1419039373513259,0.0625179136379762,0.17336970530583767,1.6397776813185798,0.5877852455689854,0.9998567116074951,0.14500711176592015,12.771666307075387,-12.274933577485509,2.3899905014067624,84.6505625,0.433375,kl_baseline,0.02,tokenwise_kl_proxy,0.11820255104644571,refresh,False,True,False,True
SVAMP,689d7ccac74b9983a2ac7cc3b264f441b99e7c53,20260826,0,260,fixed,low_overlap,2,prompt_wis,0.1592650369191123,ok,0.174625,-0.01535996308088769,0.01535996308088769,0.1386519734250647,0.18006402006393177,0.1555,0.194003125,-0.028978296691418964,-0.0013047097693036128,0.002081144901848988,0.028978296691418964,2000,0.0,1000,16,8,2.2704629976212143,0.1419039373513259,0.0625179136379762,0.17336970530583767,1.6397776813185798,0.5877852455689854,0.9998567116074951,0.14500711176592015,12.771666307075387,-12.274933577485509,2.3899905014067624,84.6505625,0.433375,kl_baseline,0.05,tokenwise_kl_proxy,0.11820255104644571,refresh,False,True,False,True
SVAMP,689d7ccac74b9983a2ac7cc3b264f441b99e7c53,20260826,0,180,fixed,low_overlap,3,is,0.15906905214550116,ok,0.16075,-0.0016809478544988488,0.0016809478544988488,0.13574392446616967,0.18202899627975916,0.14425,0.17775,-0.018210122531293817,0.015401522344817875,0.00023522137321202593,0.019846768723087327,2000,0.0,1000,16,8,2.43236547671579,0.15202284229473687,0.06263027353903704,0.521702260353738,1.6180441132488879,0.5669354985451479,0.9989592756808233,0.1138084379420976,10.147128431560532,-9.633948289044906,1.9102522349677158,84.6505625,0.433375,not_applicable,,,,,,,,
SVAMP,689d7ccac74b9983a2ac7cc3b264f441b99e7c53,20260826,0,180,fixed,low_overlap,3,prompt_wis,0.14904933782790186,ok,0.16075,-0.011700662172098142,0.011700662172098142,0.1299090244701939,0.16927293316094993,0.143496875,0.17850312499999998,-0.024279006007829503,0.0016315663704369564,0.0009941327857636343,0.024279006007829482,2000,0.0,1000,16,8,2.43236547671579,0.15202284229473687,0.06263027353903704,0.521702260353738,1.6180441132488879,0.5669354985451479,0.9989592756808233,0.1138084379420976,10.147128431560532,-9.633948289044906,1.9102522349677158,84.6505625,0.433375,primary_ress,0.01,median_prompt_relative_ess,0.12239330421733255,accept,True,False,True,False
SVAMP,689d7ccac74b9983a2ac7cc3b264f441b99e7c53,20260826,0,180,fixed,low_overlap,3,prompt_wis,0.14904933782790186,ok,0.16075,-0.011700662172098142,0.011700662172098142,0.1299090244701939,0.16927293316094993,0.143496875,0.17850312499999998,-0.024279006007829503,0.0016315663704369564,0.0009941327857636343,0.024279006007829482,2000,0.0,1000,16,8,2.43236547671579,0.15202284229473687,0.06263027353903704,0.521702260353738,1.6180441132488879,0.5669354985451479,0.9989592756808233,0.1138084379420976,10.147128431560532,-9.633948289044906,1.9102522349677158,84.6505625,0.433375,primary_ress,0.02,median_prompt_relative_ess,0.12239330421733255,accept,True,True,False,False
SVAMP,689d7ccac74b9983a2ac7cc3b264f441b99e7c53,20260826,0,180,fixed,low_overlap,3,prompt_wis,0.14904933782790186,ok,0.16075,-0.011700662172098142,0.011700662172098142,0.1299090244701939,0.16927293316094993,0.143496875,0.17850312499999998,-0.024279006007829503,0.0016315663704369564,0.0009941327857636343,0.024279006007829482,2000,0.0,1000,16,8,2.43236547671579,0.15202284229473687,0.06263027353903704,0.521702260353738,1.6180441132488879,0.5669354985451479,0.9989592756808233,0.1138084379420976,10.147128431560532,-9.633948289044906,1.9102522349677158,84.6505625,0.433375,primary_ress,0.05,median_prompt_relative_ess,0.12239330421733255,accept,True,True,False,False
SVAMP,689d7ccac74b9983a2ac7cc3b264f441b99e7c53,20260826,0,180,fixed,low_overlap,3,prompt_wis,0.14904933782790186,ok,0.16075,-0.011700662172098142,0.011700662172098142,0.1299090244701939,0.16927293316094993,0.143496875,0.17850312499999998,-0.024279006007829503,0.0016315663704369564,0.0009941327857636343,0.024279006007829482,2000,0.0,1000,16,8,2.43236547671579,0.15202284229473687,0.06263027353903704,0.521702260353738,1.6180441132488879,0.5669354985451479,0.9989592756808233,0.1138084379420976,10.147128431560532,-9.633948289044906,1.9102522349677158,84.6505625,0.433375,kl_baseline,0.01,tokenwise_kl_proxy,0.11820255104644571,accept,True,False,True,False
SVAMP,689d7ccac74b9983a2ac7cc3b264f441b99e7c53,20260826,0,180,fixed,low_overlap,3,prompt_wis,0.14904933782790186,ok,0.16075,-0.011700662172098142,0.011700662172098142,0.1299090244701939,0.16927293316094993,0.143496875,0.17850312499999998,-0.024279006007829503,0.0016315663704369564,0.0009941327857636343,0.024279006007829482,2000,0.0,1000,16,8,2.43236547671579,0.15202284229473687,0.06263027353903704,0.521702260353738,1.6180441132488879,0.5669354985451479,0.9989592756808233,0.1138084379420976,10.147128431560532,-9.633948289044906,1.9102522349677158,84.6505625,0.433375,kl_baseline,0.02,tokenwise_kl_proxy,0.11820255104644571,accept,True,True,False,False
SVAMP,689d7ccac74b9983a2ac7cc3b264f441b99e7c53,20260826,0,180,fixed,low_overlap,3,prompt_wis,0.14904933782790186,ok,0.16075,-0.011700662172098142,0.011700662172098142,0.1299090244701939,0.16927293316094993,0.143496875,0.17850312499999998,-0.024279006007829503,0.0016315663704369564,0.0009941327857636343,0.024279006007829482,2000,0.0,1000,16,8,2.43236547671579,0.15202284229473687,0.06263027353903704,0.521702260353738,1.6180441132488879,0.5669354985451479,0.9989592756808233,0.1138084379420976,10.147128431560532,-9.633948289044906,1.9102522349677158,84.6505625,0.433375,kl_baseline,0.05,tokenwise_kl_proxy,0.11820255104644571,accept,True,True,False,False
SVAMP,689d7ccac74b9983a2ac7cc3b264f441b99e7c53,20260826,0,120,fixed,medium_overlap,4,is,0.15558107693656023,ok,0.1485,0.007081076936560238,0.007081076936560238,0.13287132340848706,0.18011159218581335,0.13261874999999998,0.165375,-0.010848684506910233,0.024296311719112285,0.0003950475597490774,0.024296311719112285,2000,0.0,1000,16,8,2.2491389654521616,0.1405711853407601,0.06283425344870364,0.5421345938831978,1.5459043276143394,0.5826079503344813,0.9973334262338927,0.10168728376822879,9.09440241415548,-8.607885770077687,1.740532576071326,84.6505625,0.433375,not_applicable,,,,,,,,
SVAMP,689d7ccac74b9983a2ac7cc3b264f441b99e7c53,20260826,0,120,fixed,medium_overlap,4,prompt_wis,0.14934641199052423,ok,0.1485,0.0008464119905242373,0.0008464119905242373,0.1298830191125954,0.16820404717692944,0.132125,0.166253125,-0.012928762903278747,0.013783604838717043,0.0001964725501106615,0.014972854520604302,2000,0.0,1000,16,8,2.2491389654521616,0.1405711853407601,0.06283425344870364,0.5421345938831978,1.5459043276143394,0.5826079503344813,0.9973334262338927,0.10168728376822879,9.09440241415548,-8.607885770077687,1.740532576071326,84.6505625,0.433375,primary_ress,0.01,median_prompt_relative_ess,0.12239330421733255,accept,True,True,False,False
SVAMP,689d7ccac74b9983a2ac7cc3b264f441b99e7c53,20260826,0,120,fixed,medium_overlap,4,prompt_wis,0.14934641199052423,ok,0.1485,0.0008464119905242373,0.0008464119905242373,0.1298830191125954,0.16820404717692944,0.132125,0.166253125,-0.012928762903278747,0.013783604838717043,0.0001964725501106615,0.014972854520604302,2000,0.0,1000,16,8,2.2491389654521616,0.1405711853407601,0.06283425344870364,0.5421345938831978,1.5459043276143394,0.5826079503344813,0.9973334262338927,0.10168728376822879,9.09440241415548,-8.607885770077687,1.740532576071326,84.6505625,0.433375,primary_ress,0.02,median_prompt_relative_ess,0.12239330421733255,accept,True,True,False,False
SVAMP,689d7ccac74b9983a2ac7cc3b264f441b99e7c53,20260826,0,120,fixed,medium_overlap,4,prompt_wis,0.14934641199052423,ok,0.1485,0.0008464119905242373,0.0008464119905242373,0.1298830191125954,0.16820404717692944,0.132125,0.166253125,-0.012928762903278747,0.013783604838717043,0.0001964725501106615,0.014972854520604302,2000,0.0,1000,16,8,2.2491389654521616,0.1405711853407601,0.06283425344870364,0.5421345938831978,1.5459043276143394,0.5826079503344813,0.9973334262338927,0.10168728376822879,9.09440241415548,-8.607885770077687,1.740532576071326,84.6505625,0.433375,primary_ress,0.05,median_prompt_relative_ess,0.12239330421733255,accept,True,True,False,False
SVAMP,689d7ccac74b9983a2ac7cc3b264f441b99e7c53,20260826,0,120,fixed,medium_overlap,4,prompt_wis,0.14934641199052423,ok,0.1485,0.0008464119905242373,0.0008464119905242373,0.1298830191125954,0.16820404717692944,0.132125,0.166253125,-0.012928762903278747,0.013783604838717043,0.0001964725501106615,0.014972854520604302,2000,0.0,1000,16,8,2.2491389654521616,0.1405711853407601,0.06283425344870364,0.5421345938831978,1.5459043276143394,0.5826079503344813,0.9973334262338927,0.10168728376822879,9.09440241415548,-8.607885770077687,1.740532576071326,84.6505625,0.433375,kl_baseline,0.01,tokenwise_kl_proxy,0.11820255104644571,accept,True,True,False,False
SVAMP,689d7ccac74b9983a2ac7cc3b264f441b99e7c53,20260826,0,120,fixed,medium_overlap,4,prompt_wis,0.14934641199052423,ok,0.1485,0.0008464119905242373,0.0008464119905242373,0.1298830191125954,0.16820404717692944,0.132125,0.166253125,-0.012928762903278747,0.013783604838717043,0.0001964725501106615,0.014972854520604302,2000,0.0,1000,16,8,2.2491389654521616,0.1405711853407601,0.06283425344870364,0.5421345938831978,1.5459043276143394,0.5826079503344813,0.9973334262338927,0.10168728376822879,9.09440241415548,-8.607885770077687,1.740532576071326,84.6505625,0.433375,kl_baseline,0.02,tokenwise_kl_proxy,0.11820255104644571,accept,True,True,False,False
SVAMP,689d7ccac74b9983a2ac7cc3b264f441b99e7c53,20260826,0,120,fixed,medium_overlap,4,prompt_wis,0.14934641199052423,ok,0.1485,0.0008464119905242373,0.0008464119905242373,0.1298830191125954,0.16820404717692944,0.132125,0.166253125,-0.012928762903278747,0.013783604838717043,0.0001964725501106615,0.014972854520604302,2000,0.0,1000,16,8,2.2491389654521616,0.1405711853407601,0.06283425344870364,0.5421345938831978,1.5459043276143394,0.5826079503344813,0.9973334262338927,0.10168728376822879,9.09440241415548,-8.607885770077687,1.740532576071326,84.6505625,0.433375,kl_baseline,0.05,tokenwise_kl_proxy,0.11820255104644571,accept,True,True,False,False
SVAMP,689d7ccac74b9983a2ac7cc3b264f441b99e7c53,20260826,0,20,fixed,medium_overlap,5,is,0.15704717857533265,ok,0.156625,0.0004221785753326657,0.0004221785753326657,0.13585608338094327,0.1788919720944085,0.13949687500000002,0.173,-0.014840027330082356,0.015089754085990965,0.00020792298216677565,0.01675433706693682,2000,0.0,1000,16,8,3.4643806409607416,0.21652379006004635,0.10028324861124317,1.1842320377847027,1.4457598884341625,0.42451543123934393,0.7782333347011875,0.032760750617999074,3.339460598102469,-2.773215967735844,0.7824293608051116,84.6505625,0.433375,not_applicable,,,,,,,,
SVAMP,689d7ccac74b9983a2ac7cc3b264f441b99e7c53,20260826,0,20,fixed,medium_overlap,5,prompt_wis,0.1479995056321716,ok,0.156625,-0.00862549436782839,0.00862549436782839,0.1311832242367566,0.16590580054520063,0.141125,0.17375,-0.020660420646415902,0.002771938915735112,0.0005825449238346624,0.020660420646415902,2000,0.0,1000,16,8,3.4643806409607416,0.21652379006004635,0.10028324861124317,1.1842320377847027,1.4457598884341625,0.42451543123934393,0.7782333347011875,0.032760750617999074,3.339460598102469,-2.773215967735844,0.7824293608051116,84.6505625,0.433375,primary_ress,0.01,median_prompt_relative_ess,0.12239330421733255,accept,True,True,False,False
SVAMP,689d7ccac74b9983a2ac7cc3b264f441b99e7c53,20260826,0,20,fixed,medium_overlap,5,prompt_wis,0.1479995056321716,ok,0.156625,-0.00862549436782839,0.00862549436782839,0.1311832242367566,0.16590580054520063,0.141125,0.17375,-0.020660420646415902,0.002771938915735112,0.0005825449238346624,0.020660420646415902,2000,0.0,1000,16,8,3.4643806409607416,0.21652379006004635,0.10028324861124317,1.1842320377847027,1.4457598884341625,0.42451543123934393,0.7782333347011875,0.032760750617999074,3.339460598102469,-2.773215967735844,0.7824293608051116,84.6505625,0.433375,primary_ress,0.02,median_prompt_relative_ess,0.12239330421733255,accept,True,True,False,False
SVAMP,689d7ccac74b9983a2ac7cc3b264f441b99e7c53,20260826,0,20,fixed,medium_overlap,5,prompt_wis,0.1479995056321716,ok,0.156625,-0.00862549436782839,0.00862549436782839,0.1311832242367566,0.16590580054520063,0.141125,0.17375,-0.020660420646415902,0.002771938915735112,0.0005825449238346624,0.020660420646415902,2000,0.0,1000,16,8,3.4643806409607416,0.21652379006004635,0.10028324861124317,1.1842320377847027,1.4457598884341625,0.42451543123934393,0.7782333347011875,0.032760750617999074,3.339460598102469,-2.773215967735844,0.7824293608051116,84.6505625,0.433375,primary_ress,0.05,median_prompt_relative_ess,0.12239330421733255,accept,True,True,False,False
SVAMP,689d7ccac74b9983a2ac7cc3b264f441b99e7c53,20260826,0,20,fixed,medium_overlap,5,prompt_wis,0.1479995056321716,ok,0.156625,-0.00862549436782839,0.00862549436782839,0.1311832242367566,0.16590580054520063,0.141125,0.17375,-0.020660420646415902,0.002771938915735112,0.0005825449238346624,0.020660420646415902,2000,0.0,1000,16,8,3.4643806409607416,0.21652379006004635,0.10028324861124317,1.1842320377847027,1.4457598884341625,0.42451543123934393,0.7782333347011875,0.032760750617999074,3.339460598102469,-2.773215967735844,0.7824293608051116,84.6505625,0.433375,kl_baseline,0.01,tokenwise_kl_proxy,0.11820255104644571,accept,True,True,False,False
SVAMP,689d7ccac74b9983a2ac7cc3b264f441b99e7c53,20260826,0,20,fixed,medium_overlap,5,prompt_wis,0.1479995056321716,ok,0.156625,-0.00862549436782839,0.00862549436782839,0.1311832242367566,0.16590580054520063,0.141125,0.17375,-0.020660420646415902,0.002771938915735112,0.0005825449238346624,0.020660420646415902,2000,0.0,1000,16,8,3.4643806409607416,0.21652379006004635,0.10028324861124317,1.1842320377847027,1.4457598884341625,0.42451543123934393,0.7782333347011875,0.032760750617999074,3.339460598102469,-2.773215967735844,0.7824293608051116,84.6505625,0.433375,kl_baseline,0.02,tokenwise_kl_proxy,0.11820255104644571,accept,True,True,False,False
SVAMP,689d7ccac74b9983a2ac7cc3b264f441b99e7c53,20260826,0,20,fixed,medium_overlap,5,prompt_wis,0.1479995056321716,ok,0.156625,-0.00862549436782839,0.00862549436782839,0.1311832242367566,0.16590580054520063,0.141125,0.17375,-0.020660420646415902,0.002771938915735112,0.0005825449238346624,0.020660420646415902,2000,0.0,1000,16,8,3.4643806409607416,0.21652379006004635,0.10028324861124317,1.1842320377847027,1.4457598884341625,0.42451543123934393,0.7782333347011875,0.032760750617999074,3.339460598102469,-2.773215967735844,0.7824293608051116,84.6505625,0.433375,kl_baseline,0.05,tokenwise_kl_proxy,0.11820255104644571,accept,True,True,False,False
SVAMP,689d7ccac74b9983a2ac7cc3b264f441b99e7c53,20260826,200,260,rolling,high_overlap,6,is,0.17273159408770766,ok,0.174625,-0.0018934059122923397,0.0018934059122923397,0.15457418303263162,0.1915396015606241,0.155996875,0.19375,-0.008471698199553467,0.0045370404132279805,0.00012914489632542825,0.008471698199553464,2000,0.0,1000,16,8,15.188440425303707,0.9492775265814817,0.8215840820508807,0.07952566710085648,0.04847924961900474,0.09066523724842032,0.11745942193540379,0.006381366284821169,0.24164181205356242,-0.057947193055497025,0.11671362340206912,9.0806875,0.0,not_applicable,,,,,,,,
SVAMP,689d7ccac74b9983a2ac7cc3b264f441b99e7c53,20260826,200,260,rolling,high_overlap,6,prompt_wis,0.1727815174968277,ok,0.174625,-0.001843482503172289,0.001843482503172289,0.1537743422850515,0.19155244246824457,0.15587187500000002,0.19412812499999998,-0.008383231747951173,0.004225507677893286,0.00014793467942636335,0.008388327453547343,2000,0.0,1000,16,8,15.188440425303707,0.9492775265814817,0.8215840820508807,0.07952566710085648,0.04847924961900474,0.09066523724842032,0.11745942193540379,0.006381366284821169,0.24164181205356242,-0.057947193055497025,0.11671362340206912,9.0806875,0.0,primary_ress,0.01,median_prompt_relative_ess,0.12239330421733255,accept,True,True,False,False
SVAMP,689d7ccac74b9983a2ac7cc3b264f441b99e7c53,20260826,200,260,rolling,high_overlap,6,prompt_wis,0.1727815174968277,ok,0.174625,-0.001843482503172289,0.001843482503172289,0.1537743422850515,0.19155244246824457,0.15587187500000002,0.19412812499999998,-0.008383231747951173,0.004225507677893286,0.00014793467942636335,0.008388327453547343,2000,0.0,1000,16,8,15.188440425303707,0.9492775265814817,0.8215840820508807,0.07952566710085648,0.04847924961900474,0.09066523724842032,0.11745942193540379,0.006381366284821169,0.24164181205356242,-0.057947193055497025,0.11671362340206912,9.0806875,0.0,primary_ress,0.02,median_prompt_relative_ess,0.12239330421733255,accept,True,True,False,False
SVAMP,689d7ccac74b9983a2ac7cc3b264f441b99e7c53,20260826,200,260,rolling,high_overlap,6,prompt_wis,0.1727815174968277,ok,0.174625,-0.001843482503172289,0.001843482503172289,0.1537743422850515,0.19155244246824457,0.15587187500000002,0.19412812499999998,-0.008383231747951173,0.004225507677893286,0.00014793467942636335,0.008388327453547343,2000,0.0,1000,16,8,15.188440425303707,0.9492775265814817,0.8215840820508807,0.07952566710085648,0.04847924961900474,0.09066523724842032,0.11745942193540379,0.006381366284821169,0.24164181205356242,-0.057947193055497025,0.11671362340206912,9.0806875,0.0,primary_ress,0.05,median_prompt_relative_ess,0.12239330421733255,accept,True,True,False,False
SVAMP,689d7ccac74b9983a2ac7cc3b264f441b99e7c53,20260826,200,260,rolling,high_overlap,6,prompt_wis,0.1727815174968277,ok,0.174625,-0.001843482503172289,0.001843482503172289,0.1537743422850515,0.19155244246824457,0.15587187500000002,0.19412812499999998,-0.008383231747951173,0.004225507677893286,0.00014793467942636335,0.008388327453547343,2000,0.0,1000,16,8,15.188440425303707,0.9492775265814817,0.8215840820508807,0.07952566710085648,0.04847924961900474,0.09066523724842032,0.11745942193540379,0.006381366284821169,0.24164181205356242,-0.057947193055497025,0.11671362340206912,9.0806875,0.0,kl_baseline,0.01,tokenwise_kl_proxy,0.11820255104644571,accept,True,True,False,False
SVAMP,689d7ccac74b9983a2ac7cc3b264f441b99e7c53,20260826,200,260,rolling,high_overlap,6,prompt_wis,0.1727815174968277,ok,0.174625,-0.001843482503172289,0.001843482503172289,0.1537743422850515,0.19155244246824457,0.15587187500000002,0.19412812499999998,-0.008383231747951173,0.004225507677893286,0.00014793467942636335,0.008388327453547343,2000,0.0,1000,16,8,15.188440425303707,0.9492775265814817,0.8215840820508807,0.07952566710085648,0.04847924961900474,0.09066523724842032,0.11745942193540379,0.006381366284821169,0.24164181205356242,-0.057947193055497025,0.11671362340206912,9.0806875,0.0,kl_baseline,0.02,tokenwise_kl_proxy,0.11820255104644571,accept,True,True,False,False
SVAMP,689d7ccac74b9983a2ac7cc3b264f441b99e7c53,20260826,200,260,rolling,high_overlap,6,prompt_wis,0.1727815174968277,ok,0.174625,-0.001843482503172289,0.001843482503172289,0.1537743422850515,0.19155244246824457,0.15587187500000002,0.19412812499999998,-0.008383231747951173,0.004225507677893286,0.00014793467942636335,0.008388327453547343,2000,0.0,1000,16,8,15.188440425303707,0.9492775265814817,0.8215840820508807,0.07952566710085648,0.04847924961900474,0.09066523724842032,0.11745942193540379,0.006381366284821169,0.24164181205356242,-0.057947193055497025,0.11671362340206912,9.0806875,0.0,kl_baseline,0.05,tokenwise_kl_proxy,0.11820255104644571,accept,True,True,False,False
SVAMP,689d7ccac74b9983a2ac7cc3b264f441b99e7c53,20260826,100,120,rolling,high_overlap,7,is,0.14627367190322685,ok,0.1485,-0.0022263280967731447,0.0022263280967731447,0.13028060911346404,0.16333609968263957,0.131621875,0.166253125,-0.008882849851092906,0.004574230825937283,0.00011879054094282721,0.0088828498510929,2000,0.0,1000,16,8,15.669262576553258,0.9793289110345786,0.9277531002547009,0.032805115606996116,0.018408546620049204,0.08208178189668731,0.1001129056634784,0.0020729038185697767,0.1336450324920069,-0.019229162716473874,0.051230857682443814,9.2764375,0.000375,not_applicable,,,,,,,,
SVAMP,689d7ccac74b9983a2ac7cc3b264f441b99e7c53,20260826,100,120,rolling,high_overlap,7,prompt_wis,0.147360109450121,ok,0.1485,-0.0011398905498789802,0.0011398905498789802,0.13171117163505683,0.16369460767487706,0.13225,0.165625,-0.00792422795910109,0.005315754655938921,0.00012404024632938979,0.008171379322001062,2000,0.0,1000,16,8,15.669262576553258,0.9793289110345786,0.9277531002547009,0.032805115606996116,0.018408546620049204,0.08208178189668731,0.1001129056634784,0.0020729038185697767,0.1336450324920069,-0.019229162716473874,0.051230857682443814,9.2764375,0.000375,primary_ress,0.01,median_prompt_relative_ess,0.12239330421733255,accept,True,True,False,False
SVAMP,689d7ccac74b9983a2ac7cc3b264f441b99e7c53,20260826,100,120,rolling,high_overlap,7,prompt_wis,0.147360109450121,ok,0.1485,-0.0011398905498789802,0.0011398905498789802,0.13171117163505683,0.16369460767487706,0.13225,0.165625,-0.00792422795910109,0.005315754655938921,0.00012404024632938979,0.008171379322001062,2000,0.0,1000,16,8,15.669262576553258,0.9793289110345786,0.9277531002547009,0.032805115606996116,0.018408546620049204,0.08208178189668731,0.1001129056634784,0.0020729038185697767,0.1336450324920069,-0.019229162716473874,0.051230857682443814,9.2764375,0.000375,primary_ress,0.02,median_prompt_relative_ess,0.12239330421733255,accept,True,True,False,False
SVAMP,689d7ccac74b9983a2ac7cc3b264f441b99e7c53,20260826,100,120,rolling,high_overlap,7,prompt_wis,0.147360109450121,ok,0.1485,-0.0011398905498789802,0.0011398905498789802,0.13171117163505683,0.16369460767487706,0.13225,0.165625,-0.00792422795910109,0.005315754655938921,0.00012404024632938979,0.008171379322001062,2000,0.0,1000,16,8,15.669262576553258,0.9793289110345786,0.9277531002547009,0.032805115606996116,0.018408546620049204,0.08208178189668731,0.1001129056634784,0.0020729038185697767,0.1336450324920069,-0.019229162716473874,0.051230857682443814,9.2764375,0.000375,primary_ress,0.05,median_prompt_relative_ess,0.12239330421733255,accept,True,True,False,False
SVAMP,689d7ccac74b9983a2ac7cc3b264f441b99e7c53,20260826,100,120,rolling,high_overlap,7,prompt_wis,0.147360109450121,ok,0.1485,-0.0011398905498789802,0.0011398905498789802,0.13171117163505683,0.16369460767487706,0.13225,0.165625,-0.00792422795910109,0.005315754655938921,0.00012404024632938979,0.008171379322001062,2000,0.0,1000,16,8,15.669262576553258,0.9793289110345786,0.9277531002547009,0.032805115606996116,0.018408546620049204,0.08208178189668731,0.1001129056634784,0.0020729038185697767,0.1336450324920069,-0.019229162716473874,0.051230857682443814,9.2764375,0.000375,kl_baseline,0.01,tokenwise_kl_proxy,0.11820255104644571,accept,True,True,False,False
SVAMP,689d7ccac74b9983a2ac7cc3b264f441b99e7c53,20260826,100,120,rolling,high_overlap,7,prompt_wis,0.147360109450121,ok,0.1485,-0.0011398905498789802,0.0011398905498789802,0.13171117163505683,0.16369460767487706,0.13225,0.165625,-0.00792422795910109,0.005315754655938921,0.00012404024632938979,0.008171379322001062,2000,0.0,1000,16,8,15.669262576553258,0.9793289110345786,0.9277531002547009,0.032805115606996116,0.018408546620049204,0.08208178189668731,0.1001129056634784,0.0020729038185697767,0.1336450324920069,-0.019229162716473874,0.051230857682443814,9.2764375,0.000375,kl_baseline,0.02,tokenwise_kl_proxy,0.11820255104644571,accept,True,True,False,False
SVAMP,689d7ccac74b9983a2ac7cc3b264f441b99e7c53,20260826,100,120,rolling,high_overlap,7,prompt_wis,0.147360109450121,ok,0.1485,-0.0011398905498789802,0.0011398905498789802,0.13171117163505683,0.16369460767487706,0.13225,0.165625,-0.00792422795910109,0.005315754655938921,0.00012404024632938979,0.008171379322001062,2000,0.0,1000,16,8,15.669262576553258,0.9793289110345786,0.9277531002547009,0.032805115606996116,0.018408546620049204,0.08208178189668731,0.1001129056634784,0.0020729038185697767,0.1336450324920069,-0.019229162716473874,0.051230857682443814,9.2764375,0.000375,kl_baseline,0.05,tokenwise_kl_proxy,0.11820255104644571,accept,True,True,False,False
SVAMP,689d7ccac74b9983a2ac7cc3b264f441b99e7c53,20260826,300,320,rolling,high_overlap,8,is,0.18308226430726818,ok,0.18075,0.0023322643072681837,0.0023322643072681837,0.16503238683759178,0.20241326665181247,0.162246875,0.19975624999999997,-0.00430653012952515,0.009145522473148716,0.00014586543546888585,0.009145522473148716,2000,0.0,1000,16,8,15.980660097727725,0.9987912561079828,0.9960258271295008,0.000561405631424952,-0.0005986239848425612,0.06768922043225022,0.07210231531505484,0.00016064216146408986,0.02996758884007747,-0.0014500967112661561,0.010587986196269078,9.026875,0.0,not_applicable,,,,,,,,
SVAMP,689d7ccac74b9983a2ac7cc3b264f441b99e7c53,20260826,300,320,rolling,high_overlap,8,prompt_wis,0.18345025513228091,ok,0.18075,0.002700255132280921,0.002700255132280921,0.1654358051717252,0.20363748988270877,0.161871875,0.200878125,-0.004079552292647792,0.009623055716096507,0.00017893575370015735,0.009623055716096507,2000,0.0,1000,16,8,15.980660097727725,0.9987912561079828,0.9960258271295008,0.000561405631424952,-0.0005986239848425612,0.06768922043225022,0.07210231531505484,0.00016064216146408986,0.02996758884007747,-0.0014500967112661561,0.010587986196269078,9.026875,0.0,primary_ress,0.01,median_prompt_relative_ess,0.12239330421733255,accept,True,True,False,False
SVAMP,689d7ccac74b9983a2ac7cc3b264f441b99e7c53,20260826,300,320,rolling,high_overlap,8,prompt_wis,0.18345025513228091,ok,0.18075,0.002700255132280921,0.002700255132280921,0.1654358051717252,0.20363748988270877,0.161871875,0.200878125,-0.004079552292647792,0.009623055716096507,0.00017893575370015735,0.009623055716096507,2000,0.0,1000,16,8,15.980660097727725,0.9987912561079828,0.9960258271295008,0.000561405631424952,-0.0005986239848425612,0.06768922043225022,0.07210231531505484,0.00016064216146408986,0.02996758884007747,-0.0014500967112661561,0.010587986196269078,9.026875,0.0,primary_ress,0.02,median_prompt_relative_ess,0.12239330421733255,accept,True,True,False,False
SVAMP,689d7ccac74b9983a2ac7cc3b264f441b99e7c53,20260826,300,320,rolling,high_overlap,8,prompt_wis,0.18345025513228091,ok,0.18075,0.002700255132280921,0.002700255132280921,0.1654358051717252,0.20363748988270877,0.161871875,0.200878125,-0.004079552292647792,0.009623055716096507,0.00017893575370015735,0.009623055716096507,2000,0.0,1000,16,8,15.980660097727725,0.9987912561079828,0.9960258271295008,0.000561405631424952,-0.0005986239848425612,0.06768922043225022,0.07210231531505484,0.00016064216146408986,0.02996758884007747,-0.0014500967112661561,0.010587986196269078,9.026875,0.0,primary_ress,0.05,median_prompt_relative_ess,0.12239330421733255,accept,True,True,False,False
SVAMP,689d7ccac74b9983a2ac7cc3b264f441b99e7c53,20260826,300,320,rolling,high_overlap,8,prompt_wis,0.18345025513228091,ok,0.18075,0.002700255132280921,0.002700255132280921,0.1654358051717252,0.20363748988270877,0.161871875,0.200878125,-0.004079552292647792,0.009623055716096507,0.00017893575370015735,0.009623055716096507,2000,0.0,1000,16,8,15.980660097727725,0.9987912561079828,0.9960258271295008,0.000561405631424952,-0.0005986239848425612,0.06768922043225022,0.07210231531505484,0.00016064216146408986,0.02996758884007747,-0.0014500967112661561,0.010587986196269078,9.026875,0.0,kl_baseline,0.01,tokenwise_kl_proxy,0.11820255104644571,accept,True,True,False,False
SVAMP,689d7ccac74b9983a2ac7cc3b264f441b99e7c53,20260826,300,320,rolling,high_overlap,8,prompt_wis,0.18345025513228091,ok,0.18075,0.002700255132280921,0.002700255132280921,0.1654358051717252,0.20363748988270877,0.161871875,0.200878125,-0.004079552292647792,0.009623055716096507,0.00017893575370015735,0.009623055716096507,2000,0.0,1000,16,8,15.980660097727725,0.9987912561079828,0.9960258271295008,0.000561405631424952,-0.0005986239848425612,0.06768922043225022,0.07210231531505484,0.00016064216146408986,0.02996758884007747,-0.0014500967112661561,0.010587986196269078,9.026875,0.0,kl_baseline,0.02,tokenwise_kl_proxy,0.11820255104644571,accept,True,True,False,False
SVAMP,689d7ccac74b9983a2ac7cc3b264f441b99e7c53,20260826,300,320,rolling,high_overlap,8,prompt_wis,0.18345025513228091,ok,0.18075,0.002700255132280921,0.002700255132280921,0.1654358051717252,0.20363748988270877,0.161871875,0.200878125,-0.004079552292647792,0.009623055716096507,0.00017893575370015735,0.009623055716096507,2000,0.0,1000,16,8,15.980660097727725,0.9987912561079828,0.9960258271295008,0.000561405631424952,-0.0005986239848425612,0.06768922043225022,0.07210231531505484,0.00016064216146408986,0.02996758884007747,-0.0014500967112661561,0.010587986196269078,9.026875,0.0,kl_baseline,0.05,tokenwise_kl_proxy,0.11820255104644571,accept,True,True,False,False
SVAMP,689d7ccac74b9983a2ac7cc3b264f441b99e7c53,20260827,0,300,fixed,low_overlap,1,is,0.1242655300791472,ok,0.1378125,-0.013546969920852803,0.013546969920852803,0.10590002421034364,0.1431127655154825,0.12278046875,0.15353515625,-0.026101794442723307,-4.608344072393941e-06,0.0013448378795242028,0.026101794442723297,2000,0.0,1000,16,32,2.0893296371169754,0.13058310231981096,0.06259707853412103,0.27244730951678997,1.487116121967456,0.6031159165357508,0.9992240135879903,0.12025658829632783,10.653689874911308,-10.179111400305901,2.1633669784934737,84.6449375,0.43575,not_applicable,,,,,,,,
SVAMP,689d7ccac74b9983a2ac7cc3b264f441b99e7c53,20260827,0,300,fixed,low_overlap,1,prompt_wis,0.14210537991363362,ok,0.1378125,0.004292879913633613,0.004292879913633613,0.12409866072970017,0.16149368978483705,0.12240546875,0.1540328125,-0.008049539894830381,0.016889939419225047,0.00027418609308841533,0.016953083860070918,2000,0.0,1000,16,32,2.0893296371169754,0.13058310231981096,0.06259707853412103,0.27244730951678997,1.487116121967456,0.6031159165357508,0.9992240135879903,0.12025658829632783,10.653689874911308,-10.179111400305901,2.1633669784934737,84.6449375,0.43575,primary_ress,0.01,median_prompt_relative_ess,0.12239330421733255,accept,True,True,False,False
SVAMP,689d7ccac74b9983a2ac7cc3b264f441b99e7c53,20260827,0,300,fixed,low_overlap,1,prompt_wis,0.14210537991363362,ok,0.1378125,0.004292879913633613,0.004292879913633613,0.12409866072970017,0.16149368978483705,0.12240546875,0.1540328125,-0.008049539894830381,0.016889939419225047,0.00027418609308841533,0.016953083860070918,2000,0.0,1000,16,32,2.0893296371169754,0.13058310231981096,0.06259707853412103,0.27244730951678997,1.487116121967456,0.6031159165357508,0.9992240135879903,0.12025658829632783,10.653689874911308,-10.179111400305901,2.1633669784934737,84.6449375,0.43575,primary_ress,0.02,median_prompt_relative_ess,0.12239330421733255,accept,True,True,False,False
SVAMP,689d7ccac74b9983a2ac7cc3b264f441b99e7c53,20260827,0,300,fixed,low_overlap,1,prompt_wis,0.14210537991363362,ok,0.1378125,0.004292879913633613,0.004292879913633613,0.12409866072970017,0.16149368978483705,0.12240546875,0.1540328125,-0.008049539894830381,0.016889939419225047,0.00027418609308841533,0.016953083860070918,2000,0.0,1000,16,32,2.0893296371169754,0.13058310231981096,0.06259707853412103,0.27244730951678997,1.487116121967456,0.6031159165357508,0.9992240135879903,0.12025658829632783,10.653689874911308,-10.179111400305901,2.1633669784934737,84.6449375,0.43575,primary_ress,0.05,median_prompt_relative_ess,0.12239330421733255,accept,True,True,False,False
SVAMP,689d7ccac74b9983a2ac7cc3b264f441b99e7c53,20260827,0,300,fixed,low_overlap,1,prompt_wis,0.14210537991363362,ok,0.1378125,0.004292879913633613,0.004292879913633613,0.12409866072970017,0.16149368978483705,0.12240546875,0.1540328125,-0.008049539894830381,0.016889939419225047,0.00027418609308841533,0.016953083860070918,2000,0.0,1000,16,32,2.0893296371169754,0.13058310231981096,0.06259707853412103,0.27244730951678997,1.487116121967456,0.6031159165357508,0.9992240135879903,0.12025658829632783,10.653689874911308,-10.179111400305901,2.1633669784934737,84.6449375,0.43575,kl_baseline,0.01,tokenwise_kl_proxy,0.11820255104644571,refresh,False,True,False,True
SVAMP,689d7ccac74b9983a2ac7cc3b264f441b99e7c53,20260827,0,300,fixed,low_overlap,1,prompt_wis,0.14210537991363362,ok,0.1378125,0.004292879913633613,0.004292879913633613,0.12409866072970017,0.16149368978483705,0.12240546875,0.1540328125,-0.008049539894830381,0.016889939419225047,0.00027418609308841533,0.016953083860070918,2000,0.0,1000,16,32,2.0893296371169754,0.13058310231981096,0.06259707853412103,0.27244730951678997,1.487116121967456,0.6031159165357508,0.9992240135879903,0.12025658829632783,10.653689874911308,-10.179111400305901,2.1633669784934737,84.6449375,0.43575,kl_baseline,0.02,tokenwise_kl_proxy,0.11820255104644571,refresh,False,True,False,True
SVAMP,689d7ccac74b9983a2ac7cc3b264f441b99e7c53,20260827,0,300,fixed,low_overlap,1,prompt_wis,0.14210537991363362,ok,0.1378125,0.004292879913633613,0.004292879913633613,0.12409866072970017,0.16149368978483705,0.12240546875,0.1540328125,-0.008049539894830381,0.016889939419225047,0.00027418609308841533,0.016953083860070918,2000,0.0,1000,16,32,2.0893296371169754,0.13058310231981096,0.06259707853412103,0.27244730951678997,1.487116121967456,0.6031159165357508,0.9992240135879903,0.12025658829632783,10.653689874911308,-10.179111400305901,2.1633669784934737,84.6449375,0.43575,kl_baseline,0.05,tokenwise_kl_proxy,0.11820255104644571,refresh,False,True,False,True
SVAMP,689d7ccac74b9983a2ac7cc3b264f441b99e7c53,20260827,0,260,fixed,low_overlap,2,is,0.13821786301637115,ok,0.150875,-0.012657136983628858,0.012657136983628858,0.11809797485773546,0.16038756443023833,0.134125,0.16913124999999996,-0.027258151251580126,0.0016551890153809604,0.0011653024352299792,0.027258151251580123,2000,0.0,1000,16,8,2.246137804863733,0.14038361280398332,0.06262157304455766,0.41530485302751285,1.54691082505814,0.5896756144926989,0.999028391266691,0.1144812437158537,10.186072041510013,-9.690257719250706,2.078974361911024,84.6449375,0.43575,not_applicable,,,,,,,,
SVAMP,689d7ccac74b9983a2ac7cc3b264f441b99e7c53,20260827,0,260,fixed,low_overlap,2,prompt_wis,0.14825948121782678,ok,0.150875,-0.002615518782173226,0.002615518782173226,0.1294430334354171,0.167140397880288,0.133875,0.168125,-0.015903360748847132,0.010620534310981226,0.00020130989529751342,0.016263509611005682,2000,0.0,1000,16,8,2.246137804863733,0.14038361280398332,0.06262157304455766,0.41530485302751285,1.54691082505814,0.5896756144926989,0.999028391266691,0.1144812437158537,10.186072041510013,-9.690257719250706,2.078974361911024,84.6449375,0.43575,primary_ress,0.01,median_prompt_relative_ess,0.12239330421733255,accept,True,True,False,False
SVAMP,689d7ccac74b9983a2ac7cc3b264f441b99e7c53,20260827,0,260,fixed,low_overlap,2,prompt_wis,0.14825948121782678,ok,0.150875,-0.002615518782173226,0.002615518782173226,0.1294430334354171,0.167140397880288,0.133875,0.168125,-0.015903360748847132,0.010620534310981226,0.00020130989529751342,0.016263509611005682,2000,0.0,1000,16,8,2.246137804863733,0.14038361280398332,0.06262157304455766,0.41530485302751285,1.54691082505814,0.5896756144926989,0.999028391266691,0.1144812437158537,10.186072041510013,-9.690257719250706,2.078974361911024,84.6449375,0.43575,primary_ress,0.02,median_prompt_relative_ess,0.12239330421733255,accept,True,True,False,False
SVAMP,689d7ccac74b9983a2ac7cc3b264f441b99e7c53,20260827,0,260,fixed,low_overlap,2,prompt_wis,0.14825948121782678,ok,0.150875,-0.002615518782173226,0.002615518782173226,0.1294430334354171,0.167140397880288,0.133875,0.168125,-0.015903360748847132,0.010620534310981226,0.00020130989529751342,0.016263509611005682,2000,0.0,1000,16,8,2.246137804863733,0.14038361280398332,0.06262157304455766,0.41530485302751285,1.54691082505814,0.5896756144926989,0.999028391266691,0.1144812437158537,10.186072041510013,-9.690257719250706,2.078974361911024,84.6449375,0.43575,primary_ress,0.05,median_prompt_relative_ess,0.12239330421733255,accept,True,True,False,False
SVAMP,689d7ccac74b9983a2ac7cc3b264f441b99e7c53,20260827,0,260,fixed,low_overlap,2,prompt_wis,0.14825948121782678,ok,0.150875,-0.002615518782173226,0.002615518782173226,0.1294430334354171,0.167140397880288,0.133875,0.168125,-0.015903360748847132,0.010620534310981226,0.00020130989529751342,0.016263509611005682,2000,0.0,1000,16,8,2.246137804863733,0.14038361280398332,0.06262157304455766,0.41530485302751285,1.54691082505814,0.5896756144926989,0.999028391266691,0.1144812437158537,10.186072041510013,-9.690257719250706,2.078974361911024,84.6449375,0.43575,kl_baseline,0.01,tokenwise_kl_proxy,0.11820255104644571,accept,True,True,False,False
SVAMP,689d7ccac74b9983a2ac7cc3b264f441b99e7c53,20260827,0,260,fixed,low_overlap,2,prompt_wis,0.14825948121782678,ok,0.150875,-0.002615518782173226,0.002615518782173226,0.1294430334354171,0.167140397880288,0.133875,0.168125,-0.015903360748847132,0.010620534310981226,0.00020130989529751342,0.016263509611005682,2000,0.0,1000,16,8,2.246137804863733,0.14038361280398332,0.06262157304455766,0.41530485302751285,1.54691082505814,0.5896756144926989,0.999028391266691,0.1144812437158537,10.186072041510013,-9.690257719250706,2.078974361911024,84.6449375,0.43575,kl_baseline,0.02,tokenwise_kl_proxy,0.11820255104644571,accept,True,True,False,False
SVAMP,689d7ccac74b9983a2ac7cc3b264f441b99e7c53,20260827,0,260,fixed,low_overlap,2,prompt_wis,0.14825948121782678,ok,0.150875,-0.002615518782173226,0.002615518782173226,0.1294430334354171,0.167140397880288,0.133875,0.168125,-0.015903360748847132,0.010620534310981226,0.00020130989529751342,0.016263509611005682,2000,0.0,1000,16,8,2.246137804863733,0.14038361280398332,0.06262157304455766,0.41530485302751285,1.54691082505814,0.5896756144926989,0.999028391266691,0.1144812437158537,10.186072041510013,-9.690257719250706,2.078974361911024,84.6449375,0.43575,kl_baseline,0.05,tokenwise_kl_proxy,0.11820255104644571,accept,True,True,False,False
SVAMP,689d7ccac74b9983a2ac7cc3b264f441b99e7c53,20260827,0,180,fixed,low_overlap,3,is,0.15783012055180215,ok,0.1675,-0.00966987944819786,0.00966987944819786,0.13709393599000205,0.18083156793004374,0.149875,0.186628125,-0.02488396872309218,0.005798005736516909,0.0005558501606083219,0.02488396872309215,2000,0.0,1000,16,8,2.5134553925352394,0.15709096203345246,0.06289291546118074,0.7042287781389899,1.626817821772672,0.554988883985721,0.9968684886969443,0.0995491405152122,8.961328950764937,-8.426330777088856,1.8348304817404042,84.6449375,0.43575,not_applicable,,,,,,,,
SVAMP,689d7ccac74b9983a2ac7cc3b264f441b99e7c53,20260827,0,180,fixed,low_overlap,3,prompt_wis,0.1532550010943087,ok,0.1675,-0.014244998905691308,0.014244998905691308,0.13419119347178066,0.17212333636946237,0.14937187500000002,0.185378125,-0.02794198249266755,-0.001292108036040771,0.002377346197449823,0.02794198249266755,2000,0.0,1000,16,8,2.5134553925352394,0.15709096203345246,0.06289291546118074,0.7042287781389899,1.626817821772672,0.554988883985721,0.9968684886969443,0.0995491405152122,8.961328950764937,-8.426330777088856,1.8348304817404042,84.6449375,0.43575,primary_ress,0.01,median_prompt_relative_ess,0.12239330421733255,accept,True,False,True,False
SVAMP,689d7ccac74b9983a2ac7cc3b264f441b99e7c53,20260827,0,180,fixed,low_overlap,3,prompt_wis,0.1532550010943087,ok,0.1675,-0.014244998905691308,0.014244998905691308,0.13419119347178066,0.17212333636946237,0.14937187500000002,0.185378125,-0.02794198249266755,-0.001292108036040771,0.002377346197449823,0.02794198249266755,2000,0.0,1000,16,8,2.5134553925352394,0.15709096203345246,0.06289291546118074,0.7042287781389899,1.626817821772672,0.554988883985721,0.9968684886969443,0.0995491405152122,8.961328950764937,-8.426330777088856,1.8348304817404042,84.6449375,0.43575,primary_ress,0.02,median_prompt_relative_ess,0.12239330421733255,accept,True,True,False,False
SVAMP,689d7ccac74b9983a2ac7cc3b264f441b99e7c53,20260827,0,180,fixed,low_overlap,3,prompt_wis,0.1532550010943087,ok,0.1675,-0.014244998905691308,0.014244998905691308,0.13419119347178066,0.17212333636946237,0.14937187500000002,0.185378125,-0.02794198249266755,-0.001292108036040771,0.002377346197449823,0.02794198249266755,2000,0.0,1000,16,8,2.5134553925352394,0.15709096203345246,0.06289291546118074,0.7042287781389899,1.626817821772672,0.554988883985721,0.9968684886969443,0.0995491405152122,8.961328950764937,-8.426330777088856,1.8348304817404042,84.6449375,0.43575,primary_ress,0.05,median_prompt_relative_ess,0.12239330421733255,accept,True,True,False,False
SVAMP,689d7ccac74b9983a2ac7cc3b264f441b99e7c53,20260827,0,180,fixed,low_overlap,3,prompt_wis,0.1532550010943087,ok,0.1675,-0.014244998905691308,0.014244998905691308,0.13419119347178066,0.17212333636946237,0.14937187500000002,0.185378125,-0.02794198249266755,-0.001292108036040771,0.002377346197449823,0.02794198249266755,2000,0.0,1000,16,8,2.5134553925352394,0.15709096203345246,0.06289291546118074,0.7042287781389899,1.626817821772672,0.554988883985721,0.9968684886969443,0.0995491405152122,8.961328950764937,-8.426330777088856,1.8348304817404042,84.6449375,0.43575,kl_baseline,0.01,tokenwise_kl_proxy,0.11820255104644571,accept,True,False,True,False
SVAMP,689d7ccac74b9983a2ac7cc3b264f441b99e7c53,20260827,0,180,fixed,low_overlap,3,prompt_wis,0.1532550010943087,ok,0.1675,-0.014244998905691308,0.014244998905691308,0.13419119347178066,0.17212333636946237,0.14937187500000002,0.185378125,-0.02794198249266755,-0.001292108036040771,0.002377346197449823,0.02794198249266755,2000,0.0,1000,16,8,2.5134553925352394,0.15709096203345246,0.06289291546118074,0.7042287781389899,1.626817821772672,0.554988883985721,0.9968684886969443,0.0995491405152122,8.961328950764937,-8.426330777088856,1.8348304817404042,84.6449375,0.43575,kl_baseline,0.02,tokenwise_kl_proxy,0.11820255104644571,accept,True,True,False,False
SVAMP,689d7ccac74b9983a2ac7cc3b264f441b99e7c53,20260827,0,180,fixed,low_overlap,3,prompt_wis,0.1532550010943087,ok,0.1675,-0.014244998905691308,0.014244998905691308,0.13419119347178066,0.17212333636946237,0.14937187500000002,0.185378125,-0.02794198249266755,-0.001292108036040771,0.002377346197449823,0.02794198249266755,2000,0.0,1000,16,8,2.5134553925352394,0.15709096203345246,0.06289291546118074,0.7042287781389899,1.626817821772672,0.554988883985721,0.9968684886969443,0.0995491405152122,8.961328950764937,-8.426330777088856,1.8348304817404042,84.6449375,0.43575,kl_baseline,0.05,tokenwise_kl_proxy,0.11820255104644571,accept,True,True,False,False
SVAMP,689d7ccac74b9983a2ac7cc3b264f441b99e7c53,20260827,0,120,fixed,medium_overlap,4,is,0.1566921685068279,ok,0.16625,-0.009557831493172103,0.009557831493172103,0.13519884281695932,0.179981757659382,0.148875,0.185375,-0.025466060830835864,0.006215876558460899,0.0006276177677936957,0.025466060830835857,2000,0.0,1000,16,8,2.5165791101376014,0.1572861943836001,0.06330091069644897,0.7914401632367182,1.6652154210760473,0.5532825477982944,0.9936438532631292,0.09217320342559876,8.33854606743317,-7.8019950431345935,1.7314742168798927,84.6449375,0.43575,not_applicable,,,,,,,,
SVAMP,689d7ccac74b9983a2ac7cc3b264f441b99e7c53,20260827,0,120,fixed,medium_overlap,4,prompt_wis,0.1502616538759225,ok,0.16625,-0.015988346124077513,0.015988346124077513,0.13087650334184422,0.16995910300861494,0.14875,0.184,-0.02874253212121349,-0.0032873462019068,0.0033952897723448713,0.02874253212121347,2000,0.0,1000,16,8,2.5165791101376014,0.1572861943836001,0.06330091069644897,0.7914401632367182,1.6652154210760473,0.5532825477982944,0.9936438532631292,0.09217320342559876,8.33854606743317,-7.8019950431345935,1.7314742168798927,84.6449375,0.43575,primary_ress,0.01,median_prompt_relative_ess,0.12239330421733255,accept,True,False,True,False
SVAMP,689d7ccac74b9983a2ac7cc3b264f441b99e7c53,20260827,0,120,fixed,medium_overlap,4,prompt_wis,0.1502616538759225,ok,0.16625,-0.015988346124077513,0.015988346124077513,0.13087650334184422,0.16995910300861494,0.14875,0.184,-0.02874253212121349,-0.0032873462019068,0.0033952897723448713,0.02874253212121347,2000,0.0,1000,16,8,2.5165791101376014,0.1572861943836001,0.06330091069644897,0.7914401632367182,1.6652154210760473,0.5532825477982944,0.9936438532631292,0.09217320342559876,8.33854606743317,-7.8019950431345935,1.7314742168798927,84.6449375,0.43575,primary_ress,0.02,median_prompt_relative_ess,0.12239330421733255,accept,True,True,False,False
SVAMP,689d7ccac74b9983a2ac7cc3b264f441b99e7c53,20260827,0,120,fixed,medium_overlap,4,prompt_wis,0.1502616538759225,ok,0.16625,-0.015988346124077513,0.015988346124077513,0.13087650334184422,0.16995910300861494,0.14875,0.184,-0.02874253212121349,-0.0032873462019068,0.0033952897723448713,0.02874253212121347,2000,0.0,1000,16,8,2.5165791101376014,0.1572861943836001,0.06330091069644897,0.7914401632367182,1.6652154210760473,0.5532825477982944,0.9936438532631292,0.09217320342559876,8.33854606743317,-7.8019950431345935,1.7314742168798927,84.6449375,0.43575,primary_ress,0.05,median_prompt_relative_ess,0.12239330421733255,accept,True,True,False,False
SVAMP,689d7ccac74b9983a2ac7cc3b264f441b99e7c53,20260827,0,120,fixed,medium_overlap,4,prompt_wis,0.1502616538759225,ok,0.16625,-0.015988346124077513,0.015988346124077513,0.13087650334184422,0.16995910300861494,0.14875,0.184,-0.02874253212121349,-0.0032873462019068,0.0033952897723448713,0.02874253212121347,2000,0.0,1000,16,8,2.5165791101376014,0.1572861943836001,0.06330091069644897,0.7914401632367182,1.6652154210760473,0.5532825477982944,0.9936438532631292,0.09217320342559876,8.33854606743317,-7.8019950431345935,1.7314742168798927,84.6449375,0.43575,kl_baseline,0.01,tokenwise_kl_proxy,0.11820255104644571,accept,True,False,True,False
SVAMP,689d7ccac74b9983a2ac7cc3b264f441b99e7c53,20260827,0,120,fixed,medium_overlap,4,prompt_wis,0.1502616538759225,ok,0.16625,-0.015988346124077513,0.015988346124077513,0.13087650334184422,0.16995910300861494,0.14875,0.184,-0.02874253212121349,-0.0032873462019068,0.0033952897723448713,0.02874253212121347,2000,0.0,1000,16,8,2.5165791101376014,0.1572861943836001,0.06330091069644897,0.7914401632367182,1.6652154210760473,0.5532825477982944,0.9936438532631292,0.09217320342559876,8.33854606743317,-7.8019950431345935,1.7314742168798927,84.6449375,0.43575,kl_baseline,0.02,tokenwise_kl_proxy,0.11820255104644571,accept,True,True,False,False
SVAMP,689d7ccac74b9983a2ac7cc3b264f441b99e7c53,20260827,0,120,fixed,medium_overlap,4,prompt_wis,0.1502616538759225,ok,0.16625,-0.015988346124077513,0.015988346124077513,0.13087650334184422,0.16995910300861494,0.14875,0.184,-0.02874253212121349,-0.0032873462019068,0.0033952897723448713,0.02874253212121347,2000,0.0,1000,16,8,2.5165791101376014,0.1572861943836001,0.06330091069644897,0.7914401632367182,1.6652154210760473,0.5532825477982944,0.9936438532631292,0.09217320342559876,8.33854606743317,-7.8019950431345935,1.7314742168798927,84.6449375,0.43575,kl_baseline,0.05,tokenwise_kl_proxy,0.11820255104644571,accept,True,True,False,False
SVAMP,689d7ccac74b9983a2ac7cc3b264f441b99e7c53,20260827,0,20,fixed,medium_overlap,5,is,0.14909043655709223,ok,0.154875,-0.005784563442907786,0.005784563442907786,0.13134854313495836,0.16901770965772073,0.13824687500000002,0.171878125,-0.019135112755027144,0.008674905156719004,0.0003620480046693332,0.01913511275502714,2000,0.0,1000,16,8,3.3191770068692525,0.20744856292932828,0.09516386990487528,1.2121647015069963,1.527285119668146,0.43699161218757676,0.8061150919761375,0.03587336699984858,3.620640727798187,-3.0364989076167457,0.8962136629118745,84.6449375,0.43575,not_applicable,,,,,,,,
SVAMP,689d7ccac74b9983a2ac7cc3b264f441b99e7c53,20260827,0,20,fixed,medium_overlap,5,prompt_wis,0.14798377416789657,ok,0.154875,-0.0068912258321034425,0.0068912258321034425,0.13050325711888447,0.16459474519776573,0.138490625,0.171628125,-0.01842992343486179,0.004160146526853598,0.0003706615735493926,0.01842992343486179,2000,0.0,1000,16,8,3.3191770068692525,0.20744856292932828,0.09516386990487528,1.2121647015069963,1.527285119668146,0.43699161218757676,0.8061150919761375,0.03587336699984858,3.620640727798187,-3.0364989076167457,0.8962136629118745,84.6449375,0.43575,primary_ress,0.01,median_prompt_relative_ess,0.12239330421733255,accept,True,True,False,False
SVAMP,689d7ccac74b9983a2ac7cc3b264f441b99e7c53,20260827,0,20,fixed,medium_overlap,5,prompt_wis,0.14798377416789657,ok,0.154875,-0.0068912258321034425,0.0068912258321034425,0.13050325711888447,0.16459474519776573,0.138490625,0.171628125,-0.01842992343486179,0.004160146526853598,0.0003706615735493926,0.01842992343486179,2000,0.0,1000,16,8,3.3191770068692525,0.20744856292932828,0.09516386990487528,1.2121647015069963,1.527285119668146,0.43699161218757676,0.8061150919761375,0.03587336699984858,3.620640727798187,-3.0364989076167457,0.8962136629118745,84.6449375,0.43575,primary_ress,0.02,median_prompt_relative_ess,0.12239330421733255,accept,True,True,False,False
SVAMP,689d7ccac74b9983a2ac7cc3b264f441b99e7c53,20260827,0,20,fixed,medium_overlap,5,prompt_wis,0.14798377416789657,ok,0.154875,-0.0068912258321034425,0.0068912258321034425,0.13050325711888447,0.16459474519776573,0.138490625,0.171628125,-0.01842992343486179,0.004160146526853598,0.0003706615735493926,0.01842992343486179,2000,0.0,1000,16,8,3.3191770068692525,0.20744856292932828,0.09516386990487528,1.2121647015069963,1.527285119668146,0.43699161218757676,0.8061150919761375,0.03587336699984858,3.620640727798187,-3.0364989076167457,0.8962136629118745,84.6449375,0.43575,primary_ress,0.05,median_prompt_relative_ess,0.12239330421733255,accept,True,True,False,False
SVAMP,689d7ccac74b9983a2ac7cc3b264f441b99e7c53,20260827,0,20,fixed,medium_overlap,5,prompt_wis,0.14798377416789657,ok,0.154875,-0.0068912258321034425,0.0068912258321034425,0.13050325711888447,0.16459474519776573,0.138490625,0.171628125,-0.01842992343486179,0.004160146526853598,0.0003706615735493926,0.01842992343486179,2000,0.0,1000,16,8,3.3191770068692525,0.20744856292932828,0.09516386990487528,1.2121647015069963,1.527285119668146,0.43699161218757676,0.8061150919761375,0.03587336699984858,3.620640727798187,-3.0364989076167457,0.8962136629118745,84.6449375,0.43575,kl_baseline,0.01,tokenwise_kl_proxy,0.11820255104644571,accept,True,True,False,False
SVAMP,689d7ccac74b9983a2ac7cc3b264f441b99e7c53,20260827,0,20,fixed,medium_overlap,5,prompt_wis,0.14798377416789657,ok,0.154875,-0.0068912258321034425,0.0068912258321034425,0.13050325711888447,0.16459474519776573,0.138490625,0.171628125,-0.01842992343486179,0.004160146526853598,0.0003706615735493926,0.01842992343486179,2000,0.0,1000,16,8,3.3191770068692525,0.20744856292932828,0.09516386990487528,1.2121647015069963,1.527285119668146,0.43699161218757676,0.8061150919761375,0.03587336699984858,3.620640727798187,-3.0364989076167457,0.8962136629118745,84.6449375,0.43575,kl_baseline,0.02,tokenwise_kl_proxy,0.11820255104644571,accept,True,True,False,False
SVAMP,689d7ccac74b9983a2ac7cc3b264f441b99e7c53,20260827,0,20,fixed,medium_overlap,5,prompt_wis,0.14798377416789657,ok,0.154875,-0.0068912258321034425,0.0068912258321034425,0.13050325711888447,0.16459474519776573,0.138490625,0.171628125,-0.01842992343486179,0.004160146526853598,0.0003706615735493926,0.01842992343486179,2000,0.0,1000,16,8,3.3191770068692525,0.20744856292932828,0.09516386990487528,1.2121647015069963,1.527285119668146,0.43699161218757676,0.8061150919761375,0.03587336699984858,3.620640727798187,-3.0364989076167457,0.8962136629118745,84.6449375,0.43575,kl_baseline,0.05,tokenwise_kl_proxy,0.11820255104644571,accept,True,True,False,False
SVAMP,689d7ccac74b9983a2ac7cc3b264f441b99e7c53,20260827,200,260,rolling,high_overlap,6,is,0.15037804853527048,ok,0.150875,-0.0004969514647295281,0.0004969514647295281,0.13433929276599127,0.16728015018284834,0.134625,0.167875,-0.006340827884156167,0.00521829154997068,9.16516461692718e-05,0.006816678985940871,2000,0.0,1000,16,8,14.831625569427125,0.9269765980891953,0.7567871712266506,0.10012688895188145,0.06350830760225423,0.1024395827142102,0.1448054047063026,0.008786611132388837,0.28169550272250254,-0.08025086528808613,0.1363933364888072,9.1333125,0.00025,not_applicable,,,,,,,,
SVAMP,689d7ccac74b9983a2ac7cc3b264f441b99e7c53,20260827,200,260,rolling,high_overlap,6,prompt_wis,0.15295248652246346,ok,0.150875,0.002077486522463451,0.002077486522463451,0.1362137847050492,0.1706707174148819,0.134121875,0.169125,-0.004259711676560014,0.008590990947607655,0.000126243180161853,0.008598045441186256,2000,0.0,1000,16,8,14.831625569427125,0.9269765980891953,0.7567871712266506,0.10012688895188145,0.06350830760225423,0.1024395827142102,0.1448054047063026,0.008786611132388837,0.28169550272250254,-0.08025086528808613,0.1363933364888072,9.1333125,0.00025,primary_ress,0.01,median_prompt_relative_ess,0.12239330421733255,accept,True,True,False,False
SVAMP,689d7ccac74b9983a2ac7cc3b264f441b99e7c53,20260827,200,260,rolling,high_overlap,6,prompt_wis,0.15295248652246346,ok,0.150875,0.002077486522463451,0.002077486522463451,0.1362137847050492,0.1706707174148819,0.134121875,0.169125,-0.004259711676560014,0.008590990947607655,0.000126243180161853,0.008598045441186256,2000,0.0,1000,16,8,14.831625569427125,0.9269765980891953,0.7567871712266506,0.10012688895188145,0.06350830760225423,0.1024395827142102,0.1448054047063026,0.008786611132388837,0.28169550272250254,-0.08025086528808613,0.1363933364888072,9.1333125,0.00025,primary_ress,0.02,median_prompt_relative_ess,0.12239330421733255,accept,True,True,False,False
SVAMP,689d7ccac74b9983a2ac7cc3b264f441b99e7c53,20260827,200,260,rolling,high_overlap,6,prompt_wis,0.15295248652246346,ok,0.150875,0.002077486522463451,0.002077486522463451,0.1362137847050492,0.1706707174148819,0.134121875,0.169125,-0.004259711676560014,0.008590990947607655,0.000126243180161853,0.008598045441186256,2000,0.0,1000,16,8,14.831625569427125,0.9269765980891953,0.7567871712266506,0.10012688895188145,0.06350830760225423,0.1024395827142102,0.1448054047063026,0.008786611132388837,0.28169550272250254,-0.08025086528808613,0.1363933364888072,9.1333125,0.00025,primary_ress,0.05,median_prompt_relative_ess,0.12239330421733255,accept,True,True,False,False
SVAMP,689d7ccac74b9983a2ac7cc3b264f441b99e7c53,20260827,200,260,rolling,high_overlap,6,prompt_wis,0.15295248652246346,ok,0.150875,0.002077486522463451,0.002077486522463451,0.1362137847050492,0.1706707174148819,0.134121875,0.169125,-0.004259711676560014,0.008590990947607655,0.000126243180161853,0.008598045441186256,2000,0.0,1000,16,8,14.831625569427125,0.9269765980891953,0.7567871712266506,0.10012688895188145,0.06350830760225423,0.1024395827142102,0.1448054047063026,0.008786611132388837,0.28169550272250254,-0.08025086528808613,0.1363933364888072,9.1333125,0.00025,kl_baseline,0.01,tokenwise_kl_proxy,0.11820255104644571,accept,True,True,False,False
SVAMP,689d7ccac74b9983a2ac7cc3b264f441b99e7c53,20260827,200,260,rolling,high_overlap,6,prompt_wis,0.15295248652246346,ok,0.150875,0.002077486522463451,0.002077486522463451,0.1362137847050492,0.1706707174148819,0.134121875,0.169125,-0.004259711676560014,0.008590990947607655,0.000126243180161853,0.008598045441186256,2000,0.0,1000,16,8,14.831625569427125,0.9269765980891953,0.7567871712266506,0.10012688895188145,0.06350830760225423,0.1024395827142102,0.1448054047063026,0.008786611132388837,0.28169550272250254,-0.08025086528808613,0.1363933364888072,9.1333125,0.00025,kl_baseline,0.02,tokenwise_kl_proxy,0.11820255104644571,accept,True,True,False,False
SVAMP,689d7ccac74b9983a2ac7cc3b264f441b99e7c53,20260827,200,260,rolling,high_overlap,6,prompt_wis,0.15295248652246346,ok,0.150875,0.002077486522463451,0.002077486522463451,0.1362137847050492,0.1706707174148819,0.134121875,0.169125,-0.004259711676560014,0.008590990947607655,0.000126243180161853,0.008598045441186256,2000,0.0,1000,16,8,14.831625569427125,0.9269765980891953,0.7567871712266506,0.10012688895188145,0.06350830760225423,0.1024395827142102,0.1448054047063026,0.008786611132388837,0.28169550272250254,-0.08025086528808613,0.1363933364888072,9.1333125,0.00025,kl_baseline,0.05,tokenwise_kl_proxy,0.11820255104644571,accept,True,True,False,False
SVAMP,689d7ccac74b9983a2ac7cc3b264f441b99e7c53,20260827,100,120,rolling,high_overlap,7,is,0.167483787641638,ok,0.16625,0.001233787641637979,0.001233787641637979,0.1496761426934414,0.18445895836606857,0.14825,0.18413437499999996,-0.006128221356692281,0.00794412097192333,0.0001045789592648505,0.008249863934859769,2000,0.0,1000,16,8,15.870533132760585,0.9919083207975365,0.9733646892703997,0.011612676412019603,0.005150610434495162,0.07519133770985706,0.08696627829669577,0.0006745235006419387,0.07846359759302336,-0.006209494716034527,0.02852325210592156,9.20575,0.0001875,not_applicable,,,,,,,,
SVAMP,689d7ccac74b9983a2ac7cc3b264f441b99e7c53,20260827,100,120,rolling,high_overlap,7,prompt_wis,0.1679828149220371,ok,0.16625,0.0017328149220370848,0.0017328149220370848,0.1510995142454926,0.1864527131017802,0.149125,0.185,-0.004889667502817203,0.008767364336930504,0.0001341398695917935,0.008859866001238127,2000,0.0,1000,16,8,15.870533132760585,0.9919083207975365,0.9733646892703997,0.011612676412019603,0.005150610434495162,0.07519133770985706,0.08696627829669577,0.0006745235006419387,0.07846359759302336,-0.006209494716034527,0.02852325210592156,9.20575,0.0001875,primary_ress,0.01,median_prompt_relative_ess,0.12239330421733255,accept,True,True,False,False
SVAMP,689d7ccac74b9983a2ac7cc3b264f441b99e7c53,20260827,100,120,rolling,high_overlap,7,prompt_wis,0.1679828149220371,ok,0.16625,0.0017328149220370848,0.0017328149220370848,0.1510995142454926,0.1864527131017802,0.149125,0.185,-0.004889667502817203,0.008767364336930504,0.0001341398695917935,0.008859866001238127,2000,0.0,1000,16,8,15.870533132760585,0.9919083207975365,0.9733646892703997,0.011612676412019603,0.005150610434495162,0.07519133770985706,0.08696627829669577,0.0006745235006419387,0.07846359759302336,-0.006209494716034527,0.02852325210592156,9.20575,0.0001875,primary_ress,0.02,median_prompt_relative_ess,0.12239330421733255,accept,True,True,False,False
SVAMP,689d7ccac74b9983a2ac7cc3b264f441b99e7c53,20260827,100,120,rolling,high_overlap,7,prompt_wis,0.1679828149220371,ok,0.16625,0.0017328149220370848,0.0017328149220370848,0.1510995142454926,0.1864527131017802,0.149125,0.185,-0.004889667502817203,0.008767364336930504,0.0001341398695917935,0.008859866001238127,2000,0.0,1000,16,8,15.870533132760585,0.9919083207975365,0.9733646892703997,0.011612676412019603,0.005150610434495162,0.07519133770985706,0.08696627829669577,0.0006745235006419387,0.07846359759302336,-0.006209494716034527,0.02852325210592156,9.20575,0.0001875,primary_ress,0.05,median_prompt_relative_ess,0.12239330421733255,accept,True,True,False,False
SVAMP,689d7ccac74b9983a2ac7cc3b264f441b99e7c53,20260827,100,120,rolling,high_overlap,7,prompt_wis,0.1679828149220371,ok,0.16625,0.0017328149220370848,0.0017328149220370848,0.1510995142454926,0.1864527131017802,0.149125,0.185,-0.004889667502817203,0.008767364336930504,0.0001341398695917935,0.008859866001238127,2000,0.0,1000,16,8,15.870533132760585,0.9919083207975365,0.9733646892703997,0.011612676412019603,0.005150610434495162,0.07519133770985706,0.08696627829669577,0.0006745235006419387,0.07846359759302336,-0.006209494716034527,0.02852325210592156,9.20575,0.0001875,kl_baseline,0.01,tokenwise_kl_proxy,0.11820255104644571,accept,True,True,False,False
SVAMP,689d7ccac74b9983a2ac7cc3b264f441b99e7c53,20260827,100,120,rolling,high_overlap,7,prompt_wis,0.1679828149220371,ok,0.16625,0.0017328149220370848,0.0017328149220370848,0.1510995142454926,0.1864527131017802,0.149125,0.185,-0.004889667502817203,0.008767364336930504,0.0001341398695917935,0.008859866001238127,2000,0.0,1000,16,8,15.870533132760585,0.9919083207975365,0.9733646892703997,0.011612676412019603,0.005150610434495162,0.07519133770985706,0.08696627829669577,0.0006745235006419387,0.07846359759302336,-0.006209494716034527,0.02852325210592156,9.20575,0.0001875,kl_baseline,0.02,tokenwise_kl_proxy,0.11820255104644571,accept,True,True,False,False
SVAMP,689d7ccac74b9983a2ac7cc3b264f441b99e7c53,20260827,100,120,rolling,high_overlap,7,prompt_wis,0.1679828149220371,ok,0.16625,0.0017328149220370848,0.0017328149220370848,0.1510995142454926,0.1864527131017802,0.149125,0.185,-0.004889667502817203,0.008767364336930504,0.0001341398695917935,0.008859866001238127,2000,0.0,1000,16,8,15.870533132760585,0.9919083207975365,0.9733646892703997,0.011612676412019603,0.005150610434495162,0.07519133770985706,0.08696627829669577,0.0006745235006419387,0.07846359759302336,-0.006209494716034527,0.02852325210592156,9.20575,0.0001875,kl_baseline,0.05,tokenwise_kl_proxy,0.11820255104644571,accept,True,True,False,False
SVAMP,689d7ccac74b9983a2ac7cc3b264f441b99e7c53,20260827,300,320,rolling,high_overlap,8,is,0.13400538651364682,ok,0.135,-0.0009946134863531852,0.0009946134863531852,0.11874305449442007,0.1500274027341879,0.11875,0.151503125,-0.0071052137368470885,0.005233172900890091,0.00012279932453478082,0.00720254080592863,2000,0.0,1000,16,8,15.964305783711584,0.997769111481974,0.9937284490804605,0.003710116402477786,0.002104218922514667,0.06914101900240148,0.07386811065633203,0.00013066685339212052,0.04119893742058997,-0.0011852218603715663,0.013704183607116371,9.0705625,0.0,not_applicable,,,,,,,,
SVAMP,689d7ccac74b9983a2ac7cc3b264f441b99e7c53,20260827,300,320,rolling,high_overlap,8,prompt_wis,0.13410333131642307,ok,0.135,-0.0008966686835769344,0.0008966686835769344,0.11885782400687735,0.15006447579416735,0.119,0.1515,-0.006933287107036661,0.005078318337347467,0.00012102921156383826,0.007334759928980571,2000,0.0,1000,16,8,15.964305783711584,0.997769111481974,0.9937284490804605,0.003710116402477786,0.002104218922514667,0.06914101900240148,0.07386811065633203,0.00013066685339212052,0.04119893742058997,-0.0011852218603715663,0.013704183607116371,9.0705625,0.0,primary_ress,0.01,median_prompt_relative_ess,0.12239330421733255,accept,True,True,False,False
SVAMP,689d7ccac74b9983a2ac7cc3b264f441b99e7c53,20260827,300,320,rolling,high_overlap,8,prompt_wis,0.13410333131642307,ok,0.135,-0.0008966686835769344,0.0008966686835769344,0.11885782400687735,0.15006447579416735,0.119,0.1515,-0.006933287107036661,0.005078318337347467,0.00012102921156383826,0.007334759928980571,2000,0.0,1000,16,8,15.964305783711584,0.997769111481974,0.9937284490804605,0.003710116402477786,0.002104218922514667,0.06914101900240148,0.07386811065633203,0.00013066685339212052,0.04119893742058997,-0.0011852218603715663,0.013704183607116371,9.0705625,0.0,primary_ress,0.02,median_prompt_relative_ess,0.12239330421733255,accept,True,True,False,False
SVAMP,689d7ccac74b9983a2ac7cc3b264f441b99e7c53,20260827,300,320,rolling,high_overlap,8,prompt_wis,0.13410333131642307,ok,0.135,-0.0008966686835769344,0.0008966686835769344,0.11885782400687735,0.15006447579416735,0.119,0.1515,-0.006933287107036661,0.005078318337347467,0.00012102921156383826,0.007334759928980571,2000,0.0,1000,16,8,15.964305783711584,0.997769111481974,0.9937284490804605,0.003710116402477786,0.002104218922514667,0.06914101900240148,0.07386811065633203,0.00013066685339212052,0.04119893742058997,-0.0011852218603715663,0.013704183607116371,9.0705625,0.0,primary_ress,0.05,median_prompt_relative_ess,0.12239330421733255,accept,True,True,False,False
SVAMP,689d7ccac74b9983a2ac7cc3b264f441b99e7c53,20260827,300,320,rolling,high_overlap,8,prompt_wis,0.13410333131642307,ok,0.135,-0.0008966686835769344,0.0008966686835769344,0.11885782400687735,0.15006447579416735,0.119,0.1515,-0.006933287107036661,0.005078318337347467,0.00012102921156383826,0.007334759928980571,2000,0.0,1000,16,8,15.964305783711584,0.997769111481974,0.9937284490804605,0.003710116402477786,0.002104218922514667,0.06914101900240148,0.07386811065633203,0.00013066685339212052,0.04119893742058997,-0.0011852218603715663,0.013704183607116371,9.0705625,0.0,kl_baseline,0.01,tokenwise_kl_proxy,0.11820255104644571,accept,True,True,False,False
SVAMP,689d7ccac74b9983a2ac7cc3b264f441b99e7c53,20260827,300,320,rolling,high_overlap,8,prompt_wis,0.13410333131642307,ok,0.135,-0.0008966686835769344,0.0008966686835769344,0.11885782400687735,0.15006447579416735,0.119,0.1515,-0.006933287107036661,0.005078318337347467,0.00012102921156383826,0.007334759928980571,2000,0.0,1000,16,8,15.964305783711584,0.997769111481974,0.9937284490804605,0.003710116402477786,0.002104218922514667,0.06914101900240148,0.07386811065633203,0.00013066685339212052,0.04119893742058997,-0.0011852218603715663,0.013704183607116371,9.0705625,0.0,kl_baseline,0.02,tokenwise_kl_proxy,0.11820255104644571,accept,True,True,False,False
SVAMP,689d7ccac74b9983a2ac7cc3b264f441b99e7c53,20260827,300,320,rolling,high_overlap,8,prompt_wis,0.13410333131642307,ok,0.135,-0.0008966686835769344,0.0008966686835769344,0.11885782400687735,0.15006447579416735,0.119,0.1515,-0.006933287107036661,0.005078318337347467,0.00012102921156383826,0.007334759928980571,2000,0.0,1000,16,8,15.964305783711584,0.997769111481974,0.9937284490804605,0.003710116402477786,0.002104218922514667,0.06914101900240148,0.07386811065633203,0.00013066685339212052,0.04119893742058997,-0.0011852218603715663,0.013704183607116371,9.0705625,0.0,kl_baseline,0.05,tokenwise_kl_proxy,0.11820255104644571,accept,True,True,False,False
SVAMP,689d7ccac74b9983a2ac7cc3b264f441b99e7c53,20260828,0,300,fixed,low_overlap,1,is,0.13295462863631433,ok,0.14,-0.007045371363685687,0.007045371363685687,0.11291373876932792,0.1546837299445887,0.12496875,0.15572109374999998,-0.022002910034433085,0.00900820182457923,0.0003555511108057852,0.02200291003443307,2000,0.0,1000,16,32,2.0507759861803008,0.1281734991362688,0.06257398544130686,0.14457310593794115,1.5006104854752849,0.6081602955391726,0.9994085307664538,0.12428728870570181,11.081855257281319,-10.618321383505208,2.1234160237238453,85.4336875,0.436625,not_applicable,,,,,,,,
SVAMP,689d7ccac74b9983a2ac7cc3b264f441b99e7c53,20260828,0,300,fixed,low_overlap,1,prompt_wis,0.14786355023141498,ok,0.14,0.007863550231414967,0.007863550231414967,0.12897983982614863,0.1682632843306877,0.12399921875,0.1561890625,-0.004720625072446667,0.02014780988348622,0.0005190917473312663,0.02014780988348622,2000,0.0,1000,16,32,2.0507759861803008,0.1281734991362688,0.06257398544130686,0.14457310593794115,1.5006104854752849,0.6081602955391726,0.9994085307664538,0.12428728870570181,11.081855257281319,-10.618321383505208,2.1234160237238453,85.4336875,0.436625,primary_ress,0.01,median_prompt_relative_ess,0.12239330421733255,accept,True,True,False,False
SVAMP,689d7ccac74b9983a2ac7cc3b264f441b99e7c53,20260828,0,300,fixed,low_overlap,1,prompt_wis,0.14786355023141498,ok,0.14,0.007863550231414967,0.007863550231414967,0.12897983982614863,0.1682632843306877,0.12399921875,0.1561890625,-0.004720625072446667,0.02014780988348622,0.0005190917473312663,0.02014780988348622,2000,0.0,1000,16,32,2.0507759861803008,0.1281734991362688,0.06257398544130686,0.14457310593794115,1.5006104854752849,0.6081602955391726,0.9994085307664538,0.12428728870570181,11.081855257281319,-10.618321383505208,2.1234160237238453,85.4336875,0.436625,primary_ress,0.02,median_prompt_relative_ess,0.12239330421733255,accept,True,True,False,False
SVAMP,689d7ccac74b9983a2ac7cc3b264f441b99e7c53,20260828,0,300,fixed,low_overlap,1,prompt_wis,0.14786355023141498,ok,0.14,0.007863550231414967,0.007863550231414967,0.12897983982614863,0.1682632843306877,0.12399921875,0.1561890625,-0.004720625072446667,0.02014780988348622,0.0005190917473312663,0.02014780988348622,2000,0.0,1000,16,32,2.0507759861803008,0.1281734991362688,0.06257398544130686,0.14457310593794115,1.5006104854752849,0.6081602955391726,0.9994085307664538,0.12428728870570181,11.081855257281319,-10.618321383505208,2.1234160237238453,85.4336875,0.436625,primary_ress,0.05,median_prompt_relative_ess,0.12239330421733255,accept,True,True,False,False
SVAMP,689d7ccac74b9983a2ac7cc3b264f441b99e7c53,20260828,0,300,fixed,low_overlap,1,prompt_wis,0.14786355023141498,ok,0.14,0.007863550231414967,0.007863550231414967,0.12897983982614863,0.1682632843306877,0.12399921875,0.1561890625,-0.004720625072446667,0.02014780988348622,0.0005190917473312663,0.02014780988348622,2000,0.0,1000,16,32,2.0507759861803008,0.1281734991362688,0.06257398544130686,0.14457310593794115,1.5006104854752849,0.6081602955391726,0.9994085307664538,0.12428728870570181,11.081855257281319,-10.618321383505208,2.1234160237238453,85.4336875,0.436625,kl_baseline,0.01,tokenwise_kl_proxy,0.11820255104644571,refresh,False,True,False,True
SVAMP,689d7ccac74b9983a2ac7cc3b264f441b99e7c53,20260828,0,300,fixed,low_overlap,1,prompt_wis,0.14786355023141498,ok,0.14,0.007863550231414967,0.007863550231414967,0.12897983982614863,0.1682632843306877,0.12399921875,0.1561890625,-0.004720625072446667,0.02014780988348622,0.0005190917473312663,0.02014780988348622,2000,0.0,1000,16,32,2.0507759861803008,0.1281734991362688,0.06257398544130686,0.14457310593794115,1.5006104854752849,0.6081602955391726,0.9994085307664538,0.12428728870570181,11.081855257281319,-10.618321383505208,2.1234160237238453,85.4336875,0.436625,kl_baseline,0.02,tokenwise_kl_proxy,0.11820255104644571,refresh,False,True,False,True
SVAMP,689d7ccac74b9983a2ac7cc3b264f441b99e7c53,20260828,0,300,fixed,low_overlap,1,prompt_wis,0.14786355023141498,ok,0.14,0.007863550231414967,0.007863550231414967,0.12897983982614863,0.1682632843306877,0.12399921875,0.1561890625,-0.004720625072446667,0.02014780988348622,0.0005190917473312663,0.02014780988348622,2000,0.0,1000,16,32,2.0507759861803008,0.1281734991362688,0.06257398544130686,0.14457310593794115,1.5006104854752849,0.6081602955391726,0.9994085307664538,0.12428728870570181,11.081855257281319,-10.618321383505208,2.1234160237238453,85.4336875,0.436625,kl_baseline,0.05,tokenwise_kl_proxy,0.11820255104644571,refresh,False,True,False,True
SVAMP,689d7ccac74b9983a2ac7cc3b264f441b99e7c53,20260828,0,260,fixed,low_overlap,2,is,0.13124675631652477,ok,0.139875,-0.008628243683475229,0.008628243683475229,0.11071909069557777,0.1530289995412227,0.12299687499999999,0.157375,-0.026237160500431844,0.00868723977200698,0.00047610103172128075,0.026237160500431834,2000,0.0,1000,16,8,2.001840424119484,0.12511502650746775,0.06255502516244568,-0.012641580505550172,1.442375089196179,0.618220394610471,0.9995600658616807,0.13206039515753207,11.730946343751409,-11.282406531015107,2.2420140001001205,85.4336875,0.436625,not_applicable,,,,,,,,
SVAMP,689d7ccac74b9983a2ac7cc3b264f441b99e7c53,20260828,0,260,fixed,low_overlap,2,prompt_wis,0.1485554407435108,ok,0.139875,0.008680440743510792,0.008680440743510792,0.128951946016419,0.16739891398601747,0.123625,0.157,-0.005353773516947857,0.022509421814401416,0.0004859233513607814,0.022509421814401416,2000,0.0,1000,16,8,2.001840424119484,0.12511502650746775,0.06255502516244568,-0.012641580505550172,1.442375089196179,0.618220394610471,0.9995600658616807,0.13206039515753207,11.730946343751409,-11.282406531015107,2.2420140001001205,85.4336875,0.436625,primary_ress,0.01,median_prompt_relative_ess,0.12239330421733255,accept,True,True,False,False
SVAMP,689d7ccac74b9983a2ac7cc3b264f441b99e7c53,20260828,0,260,fixed,low_overlap,2,prompt_wis,0.1485554407435108,ok,0.139875,0.008680440743510792,0.008680440743510792,0.128951946016419,0.16739891398601747,0.123625,0.157,-0.005353773516947857,0.022509421814401416,0.0004859233513607814,0.022509421814401416,2000,0.0,1000,16,8,2.001840424119484,0.12511502650746775,0.06255502516244568,-0.012641580505550172,1.442375089196179,0.618220394610471,0.9995600658616807,0.13206039515753207,11.730946343751409,-11.282406531015107,2.2420140001001205,85.4336875,0.436625,primary_ress,0.02,median_prompt_relative_ess,0.12239330421733255,accept,True,True,False,False
SVAMP,689d7ccac74b9983a2ac7cc3b264f441b99e7c53,20260828,0,260,fixed,low_overlap,2,prompt_wis,0.1485554407435108,ok,0.139875,0.008680440743510792,0.008680440743510792,0.128951946016419,0.16739891398601747,0.123625,0.157,-0.005353773516947857,0.022509421814401416,0.0004859233513607814,0.022509421814401416,2000,0.0,1000,16,8,2.001840424119484,0.12511502650746775,0.06255502516244568,-0.012641580505550172,1.442375089196179,0.618220394610471,0.9995600658616807,0.13206039515753207,11.730946343751409,-11.282406531015107,2.2420140001001205,85.4336875,0.436625,primary_ress,0.05,median_prompt_relative_ess,0.12239330421733255,accept,True,True,False,False
SVAMP,689d7ccac74b9983a2ac7cc3b264f441b99e7c53,20260828,0,260,fixed,low_overlap,2,prompt_wis,0.1485554407435108,ok,0.139875,0.008680440743510792,0.008680440743510792,0.128951946016419,0.16739891398601747,0.123625,0.157,-0.005353773516947857,0.022509421814401416,0.0004859233513607814,0.022509421814401416,2000,0.0,1000,16,8,2.001840424119484,0.12511502650746775,0.06255502516244568,-0.012641580505550172,1.442375089196179,0.618220394610471,0.9995600658616807,0.13206039515753207,11.730946343751409,-11.282406531015107,2.2420140001001205,85.4336875,0.436625,kl_baseline,0.01,tokenwise_kl_proxy,0.11820255104644571,refresh,False,True,False,True
SVAMP,689d7ccac74b9983a2ac7cc3b264f441b99e7c53,20260828,0,260,fixed,low_overlap,2,prompt_wis,0.1485554407435108,ok,0.139875,0.008680440743510792,0.008680440743510792,0.128951946016419,0.16739891398601747,0.123625,0.157,-0.005353773516947857,0.022509421814401416,0.0004859233513607814,0.022509421814401416,2000,0.0,1000,16,8,2.001840424119484,0.12511502650746775,0.06255502516244568,-0.012641580505550172,1.442375089196179,0.618220394610471,0.9995600658616807,0.13206039515753207,11.730946343751409,-11.282406531015107,2.2420140001001205,85.4336875,0.436625,kl_baseline,0.02,tokenwise_kl_proxy,0.11820255104644571,refresh,False,True,False,True
SVAMP,689d7ccac74b9983a2ac7cc3b264f441b99e7c53,20260828,0,260,fixed,low_overlap,2,prompt_wis,0.1485554407435108,ok,0.139875,0.008680440743510792,0.008680440743510792,0.128951946016419,0.16739891398601747,0.123625,0.157,-0.005353773516947857,0.022509421814401416,0.0004859233513607814,0.022509421814401416,2000,0.0,1000,16,8,2.001840424119484,0.12511502650746775,0.06255502516244568,-0.012641580505550172,1.442375089196179,0.618220394610471,0.9995600658616807,0.13206039515753207,11.730946343751409,-11.282406531015107,2.2420140001001205,85.4336875,0.436625,kl_baseline,0.05,tokenwise_kl_proxy,0.11820255104644571,refresh,False,True,False,True
SVAMP,689d7ccac74b9983a2ac7cc3b264f441b99e7c53,20260828,0,180,fixed,low_overlap,3,is,0.11635152350931699,ok,0.123375,-0.007023476490683009,0.007023476490683009,0.09705274006395535,0.1357044450198673,0.10875,0.13875624999999997,-0.021740004535178825,0.0074079240958818985,0.0004456431934806375,0.021876702427972967,2000,0.0,1000,16,8,2.0661707924575508,0.12913567452859692,0.06261658684907731,0.1622388632326492,1.3503833448640803,0.6074886825165466,0.9990683765354512,0.120482471462907,10.746401667875581,-10.293261816189665,2.0565334807775657,85.4336875,0.436625,not_applicable,,,,,,,,
SVAMP,689d7ccac74b9983a2ac7cc3b264f441b99e7c53,20260828,0,180,fixed,low_overlap,3,prompt_wis,0.14116638936724757,ok,0.123375,0.01779138936724757,0.01779138936724757,0.12233143193747473,0.15993058805189023,0.108125,0.13813124999999996,0.0041815323120450495,0.03110036315613184,0.004228548982373512,0.03110036315613184,2000,0.0,1000,16,8,2.0661707924575508,0.12913567452859692,0.06261658684907731,0.1622388632326492,1.3503833448640803,0.6074886825165466,0.9990683765354512,0.120482471462907,10.746401667875581,-10.293261816189665,2.0565334807775657,85.4336875,0.436625,primary_ress,0.01,median_prompt_relative_ess,0.12239330421733255,accept,True,False,True,False
SVAMP,689d7ccac74b9983a2ac7cc3b264f441b99e7c53,20260828,0,180,fixed,low_overlap,3,prompt_wis,0.14116638936724757,ok,0.123375,0.01779138936724757,0.01779138936724757,0.12233143193747473,0.15993058805189023,0.108125,0.13813124999999996,0.0041815323120450495,0.03110036315613184,0.004228548982373512,0.03110036315613184,2000,0.0,1000,16,8,2.0661707924575508,0.12913567452859692,0.06261658684907731,0.1622388632326492,1.3503833448640803,0.6074886825165466,0.9990683765354512,0.120482471462907,10.746401667875581,-10.293261816189665,2.0565334807775657,85.4336875,0.436625,primary_ress,0.02,median_prompt_relative_ess,0.12239330421733255,accept,True,True,False,False
SVAMP,689d7ccac74b9983a2ac7cc3b264f441b99e7c53,20260828,0,180,fixed,low_overlap,3,prompt_wis,0.14116638936724757,ok,0.123375,0.01779138936724757,0.01779138936724757,0.12233143193747473,0.15993058805189023,0.108125,0.13813124999999996,0.0041815323120450495,0.03110036315613184,0.004228548982373512,0.03110036315613184,2000,0.0,1000,16,8,2.0661707924575508,0.12913567452859692,0.06261658684907731,0.1622388632326492,1.3503833448640803,0.6074886825165466,0.9990683765354512,0.120482471462907,10.746401667875581,-10.293261816189665,2.0565334807775657,85.4336875,0.436625,primary_ress,0.05,median_prompt_relative_ess,0.12239330421733255,accept,True,True,False,False
SVAMP,689d7ccac74b9983a2ac7cc3b264f441b99e7c53,20260828,0,180,fixed,low_overlap,3,prompt_wis,0.14116638936724757,ok,0.123375,0.01779138936724757,0.01779138936724757,0.12233143193747473,0.15993058805189023,0.108125,0.13813124999999996,0.0041815323120450495,0.03110036315613184,0.004228548982373512,0.03110036315613184,2000,0.0,1000,16,8,2.0661707924575508,0.12913567452859692,0.06261658684907731,0.1622388632326492,1.3503833448640803,0.6074886825165466,0.9990683765354512,0.120482471462907,10.746401667875581,-10.293261816189665,2.0565334807775657,85.4336875,0.436625,kl_baseline,0.01,tokenwise_kl_proxy,0.11820255104644571,refresh,False,False,False,False
SVAMP,689d7ccac74b9983a2ac7cc3b264f441b99e7c53,20260828,0,180,fixed,low_overlap,3,prompt_wis,0.14116638936724757,ok,0.123375,0.01779138936724757,0.01779138936724757,0.12233143193747473,0.15993058805189023,0.108125,0.13813124999999996,0.0041815323120450495,0.03110036315613184,0.004228548982373512,0.03110036315613184,2000,0.0,1000,16,8,2.0661707924575508,0.12913567452859692,0.06261658684907731,0.1622388632326492,1.3503833448640803,0.6074886825165466,0.9990683765354512,0.120482471462907,10.746401667875581,-10.293261816189665,2.0565334807775657,85.4336875,0.436625,kl_baseline,0.02,tokenwise_kl_proxy,0.11820255104644571,refresh,False,True,False,True
SVAMP,689d7ccac74b9983a2ac7cc3b264f441b99e7c53,20260828,0,180,fixed,low_overlap,3,prompt_wis,0.14116638936724757,ok,0.123375,0.01779138936724757,0.01779138936724757,0.12233143193747473,0.15993058805189023,0.108125,0.13813124999999996,0.0041815323120450495,0.03110036315613184,0.004228548982373512,0.03110036315613184,2000,0.0,1000,16,8,2.0661707924575508,0.12913567452859692,0.06261658684907731,0.1622388632326492,1.3503833448640803,0.6074886825165466,0.9990683765354512,0.120482471462907,10.746401667875581,-10.293261816189665,2.0565334807775657,85.4336875,0.436625,kl_baseline,0.05,tokenwise_kl_proxy,0.11820255104644571,refresh,False,True,False,True
SVAMP,689d7ccac74b9983a2ac7cc3b264f441b99e7c53,20260828,0,120,fixed,medium_overlap,4,is,0.13451224334972087,ok,0.137,-0.0024877566502791437,0.0024877566502791437,0.11499414306035118,0.15461724449640582,0.1215,0.15238124999999997,-0.017072142278884553,0.01279820882692391,0.0002763857432263227,0.01771910996067226,2000,0.0,1000,16,8,2.3447621495690982,0.14654763434806864,0.06279131205536889,0.5889034104820324,1.5601951663039224,0.5703650626451948,0.9976767885115105,0.10209934146013436,9.233650161974671,-8.722723232260913,1.787225332334289,85.4336875,0.436625,not_applicable,,,,,,,,
SVAMP,689d7ccac74b9983a2ac7cc3b264f441b99e7c53,20260828,0,120,fixed,medium_overlap,4,prompt_wis,0.14484878270592408,ok,0.137,0.007848782705924068,0.007848782705924068,0.12672066806054838,0.16401757131879352,0.12187187499999999,0.154253125,-0.004514842989438619,0.020882329300303815,0.0005172780387380893,0.020882329300303815,2000,0.0,1000,16,8,2.3447621495690982,0.14654763434806864,0.06279131205536889,0.5889034104820324,1.5601951663039224,0.5703650626451948,0.9976767885115105,0.10209934146013436,9.233650161974671,-8.722723232260913,1.787225332334289,85.4336875,0.436625,primary_ress,0.01,median_prompt_relative_ess,0.12239330421733255,accept,True,True,False,False
SVAMP,689d7ccac74b9983a2ac7cc3b264f441b99e7c53,20260828,0,120,fixed,medium_overlap,4,prompt_wis,0.14484878270592408,ok,0.137,0.007848782705924068,0.007848782705924068,0.12672066806054838,0.16401757131879352,0.12187187499999999,0.154253125,-0.004514842989438619,0.020882329300303815,0.0005172780387380893,0.020882329300303815,2000,0.0,1000,16,8,2.3447621495690982,0.14654763434806864,0.06279131205536889,0.5889034104820324,1.5601951663039224,0.5703650626451948,0.9976767885115105,0.10209934146013436,9.233650161974671,-8.722723232260913,1.787225332334289,85.4336875,0.436625,primary_ress,0.02,median_prompt_relative_ess,0.12239330421733255,accept,True,True,False,False
SVAMP,689d7ccac74b9983a2ac7cc3b264f441b99e7c53,20260828,0,120,fixed,medium_overlap,4,prompt_wis,0.14484878270592408,ok,0.137,0.007848782705924068,0.007848782705924068,0.12672066806054838,0.16401757131879352,0.12187187499999999,0.154253125,-0.004514842989438619,0.020882329300303815,0.0005172780387380893,0.020882329300303815,2000,0.0,1000,16,8,2.3447621495690982,0.14654763434806864,0.06279131205536889,0.5889034104820324,1.5601951663039224,0.5703650626451948,0.9976767885115105,0.10209934146013436,9.233650161974671,-8.722723232260913,1.787225332334289,85.4336875,0.436625,primary_ress,0.05,median_prompt_relative_ess,0.12239330421733255,accept,True,True,False,False
SVAMP,689d7ccac74b9983a2ac7cc3b264f441b99e7c53,20260828,0,120,fixed,medium_overlap,4,prompt_wis,0.14484878270592408,ok,0.137,0.007848782705924068,0.007848782705924068,0.12672066806054838,0.16401757131879352,0.12187187499999999,0.154253125,-0.004514842989438619,0.020882329300303815,0.0005172780387380893,0.020882329300303815,2000,0.0,1000,16,8,2.3447621495690982,0.14654763434806864,0.06279131205536889,0.5889034104820324,1.5601951663039224,0.5703650626451948,0.9976767885115105,0.10209934146013436,9.233650161974671,-8.722723232260913,1.787225332334289,85.4336875,0.436625,kl_baseline,0.01,tokenwise_kl_proxy,0.11820255104644571,accept,True,True,False,False
SVAMP,689d7ccac74b9983a2ac7cc3b264f441b99e7c53,20260828,0,120,fixed,medium_overlap,4,prompt_wis,0.14484878270592408,ok,0.137,0.007848782705924068,0.007848782705924068,0.12672066806054838,0.16401757131879352,0.12187187499999999,0.154253125,-0.004514842989438619,0.020882329300303815,0.0005172780387380893,0.020882329300303815,2000,0.0,1000,16,8,2.3447621495690982,0.14654763434806864,0.06279131205536889,0.5889034104820324,1.5601951663039224,0.5703650626451948,0.9976767885115105,0.10209934146013436,9.233650161974671,-8.722723232260913,1.787225332334289,85.4336875,0.436625,kl_baseline,0.02,tokenwise_kl_proxy,0.11820255104644571,accept,True,True,False,False
SVAMP,689d7ccac74b9983a2ac7cc3b264f441b99e7c53,20260828,0,120,fixed,medium_overlap,4,prompt_wis,0.14484878270592408,ok,0.137,0.007848782705924068,0.007848782705924068,0.12672066806054838,0.16401757131879352,0.12187187499999999,0.154253125,-0.004514842989438619,0.020882329300303815,0.0005172780387380893,0.020882329300303815,2000,0.0,1000,16,8,2.3447621495690982,0.14654763434806864,0.06279131205536889,0.5889034104820324,1.5601951663039224,0.5703650626451948,0.9976767885115105,0.10209934146013436,9.233650161974671,-8.722723232260913,1.787225332334289,85.4336875,0.436625,kl_baseline,0.05,tokenwise_kl_proxy,0.11820255104644571,accept,True,True,False,False
SVAMP,689d7ccac74b9983a2ac7cc3b264f441b99e7c53,20260828,0,20,fixed,medium_overlap,5,is,0.15475128079616854,ok,0.15475,1.2807961685401548e-06,1.2807961685401548e-06,0.13929027810854694,0.1700375697399545,0.140746875,0.168625,-0.012333282810201122,0.012217101797299196,0.00024334308132775985,0.014020919948410438,2000,0.0,1000,16,8,6.434379253368547,0.4021487033355342,0.2805425240374928,0.786148307134019,0.8509791424434314,0.25647897962176586,0.3739818988995151,0.011107441432976256,1.4697352305033016,-0.9489496803094457,0.39736804601037484,85.4336875,0.436625,not_applicable,,,,,,,,
SVAMP,689d7ccac74b9983a2ac7cc3b264f441b99e7c53,20260828,0,20,fixed,medium_overlap,5,prompt_wis,0.15669750704184315,ok,0.15475,0.001947507041843155,0.001947507041843155,0.14213067627066908,0.17112933325547836,0.140625,0.168753125,-0.007444718842091935,0.011076578643597563,0.00015653046303428718,0.011519511728132127,2000,0.0,1000,16,8,6.434379253368547,0.4021487033355342,0.2805425240374928,0.786148307134019,0.8509791424434314,0.25647897962176586,0.3739818988995151,0.011107441432976256,1.4697352305033016,-0.9489496803094457,0.39736804601037484,85.4336875,0.436625,primary_ress,0.01,median_prompt_relative_ess,0.12239330421733255,accept,True,True,False,False
SVAMP,689d7ccac74b9983a2ac7cc3b264f441b99e7c53,20260828,0,20,fixed,medium_overlap,5,prompt_wis,0.15669750704184315,ok,0.15475,0.001947507041843155,0.001947507041843155,0.14213067627066908,0.17112933325547836,0.140625,0.168753125,-0.007444718842091935,0.011076578643597563,0.00015653046303428718,0.011519511728132127,2000,0.0,1000,16,8,6.434379253368547,0.4021487033355342,0.2805425240374928,0.786148307134019,0.8509791424434314,0.25647897962176586,0.3739818988995151,0.011107441432976256,1.4697352305033016,-0.9489496803094457,0.39736804601037484,85.4336875,0.436625,primary_ress,0.02,median_prompt_relative_ess,0.12239330421733255,accept,True,True,False,False
SVAMP,689d7ccac74b9983a2ac7cc3b264f441b99e7c53,20260828,0,20,fixed,medium_overlap,5,prompt_wis,0.15669750704184315,ok,0.15475,0.001947507041843155,0.001947507041843155,0.14213067627066908,0.17112933325547836,0.140625,0.168753125,-0.007444718842091935,0.011076578643597563,0.00015653046303428718,0.011519511728132127,2000,0.0,1000,16,8,6.434379253368547,0.4021487033355342,0.2805425240374928,0.786148307134019,0.8509791424434314,0.25647897962176586,0.3739818988995151,0.011107441432976256,1.4697352305033016,-0.9489496803094457,0.39736804601037484,85.4336875,0.436625,primary_ress,0.05,median_prompt_relative_ess,0.12239330421733255,accept,True,True,False,False
SVAMP,689d7ccac74b9983a2ac7cc3b264f441b99e7c53,20260828,0,20,fixed,medium_overlap,5,prompt_wis,0.15669750704184315,ok,0.15475,0.001947507041843155,0.001947507041843155,0.14213067627066908,0.17112933325547836,0.140625,0.168753125,-0.007444718842091935,0.011076578643597563,0.00015653046303428718,0.011519511728132127,2000,0.0,1000,16,8,6.434379253368547,0.4021487033355342,0.2805425240374928,0.786148307134019,0.8509791424434314,0.25647897962176586,0.3739818988995151,0.011107441432976256,1.4697352305033016,-0.9489496803094457,0.39736804601037484,85.4336875,0.436625,kl_baseline,0.01,tokenwise_kl_proxy,0.11820255104644571,accept,True,True,False,False
SVAMP,689d7ccac74b9983a2ac7cc3b264f441b99e7c53,20260828,0,20,fixed,medium_overlap,5,prompt_wis,0.15669750704184315,ok,0.15475,0.001947507041843155,0.001947507041843155,0.14213067627066908,0.17112933325547836,0.140625,0.168753125,-0.007444718842091935,0.011076578643597563,0.00015653046303428718,0.011519511728132127,2000,0.0,1000,16,8,6.434379253368547,0.4021487033355342,0.2805425240374928,0.786148307134019,0.8509791424434314,0.25647897962176586,0.3739818988995151,0.011107441432976256,1.4697352305033016,-0.9489496803094457,0.39736804601037484,85.4336875,0.436625,kl_baseline,0.02,tokenwise_kl_proxy,0.11820255104644571,accept,True,True,False,False
SVAMP,689d7ccac74b9983a2ac7cc3b264f441b99e7c53,20260828,0,20,fixed,medium_overlap,5,prompt_wis,0.15669750704184315,ok,0.15475,0.001947507041843155,0.001947507041843155,0.14213067627066908,0.17112933325547836,0.140625,0.168753125,-0.007444718842091935,0.011076578643597563,0.00015653046303428718,0.011519511728132127,2000,0.0,1000,16,8,6.434379253368547,0.4021487033355342,0.2805425240374928,0.786148307134019,0.8509791424434314,0.25647897962176586,0.3739818988995151,0.011107441432976256,1.4697352305033016,-0.9489496803094457,0.39736804601037484,85.4336875,0.436625,kl_baseline,0.05,tokenwise_kl_proxy,0.11820255104644571,accept,True,True,False,False
SVAMP,689d7ccac74b9983a2ac7cc3b264f441b99e7c53,20260828,200,260,rolling,high_overlap,6,is,0.1444262926035343,ok,0.139875,0.0045512926035342904,0.0045512926035342904,0.12818681890349345,0.16194116192415467,0.12425,0.15737812499999998,-0.0019316642434006076,0.01117926422440736,0.00021799509219836907,0.01117926422440736,2000,0.0,1000,16,8,15.27793443155633,0.9548709019722706,0.8339754157713833,0.07921419139814342,0.04429409839227594,0.08951245203265494,0.11587947533612583,0.004987653063024584,0.22288418153013656,-0.045263886731897414,0.09370893593565953,9.0751875,6.25e-05,not_applicable,,,,,,,,
SVAMP,689d7ccac74b9983a2ac7cc3b264f441b99e7c53,20260828,200,260,rolling,high_overlap,6,prompt_wis,0.1423332242250156,ok,0.139875,0.0024582242250155983,0.0024582242250155983,0.1270653497664169,0.15974969339178613,0.12425,0.156128125,-0.0036938759630218932,0.008408114430196149,0.0001621607287988172,0.008414633284840755,2000,0.0,1000,16,8,15.27793443155633,0.9548709019722706,0.8339754157713833,0.07921419139814342,0.04429409839227594,0.08951245203265494,0.11587947533612583,0.004987653063024584,0.22288418153013656,-0.045263886731897414,0.09370893593565953,9.0751875,6.25e-05,primary_ress,0.01,median_prompt_relative_ess,0.12239330421733255,accept,True,True,False,False
SVAMP,689d7ccac74b9983a2ac7cc3b264f441b99e7c53,20260828,200,260,rolling,high_overlap,6,prompt_wis,0.1423332242250156,ok,0.139875,0.0024582242250155983,0.0024582242250155983,0.1270653497664169,0.15974969339178613,0.12425,0.156128125,-0.0036938759630218932,0.008408114430196149,0.0001621607287988172,0.008414633284840755,2000,0.0,1000,16,8,15.27793443155633,0.9548709019722706,0.8339754157713833,0.07921419139814342,0.04429409839227594,0.08951245203265494,0.11587947533612583,0.004987653063024584,0.22288418153013656,-0.045263886731897414,0.09370893593565953,9.0751875,6.25e-05,primary_ress,0.02,median_prompt_relative_ess,0.12239330421733255,accept,True,True,False,False
SVAMP,689d7ccac74b9983a2ac7cc3b264f441b99e7c53,20260828,200,260,rolling,high_overlap,6,prompt_wis,0.1423332242250156,ok,0.139875,0.0024582242250155983,0.0024582242250155983,0.1270653497664169,0.15974969339178613,0.12425,0.156128125,-0.0036938759630218932,0.008408114430196149,0.0001621607287988172,0.008414633284840755,2000,0.0,1000,16,8,15.27793443155633,0.9548709019722706,0.8339754157713833,0.07921419139814342,0.04429409839227594,0.08951245203265494,0.11587947533612583,0.004987653063024584,0.22288418153013656,-0.045263886731897414,0.09370893593565953,9.0751875,6.25e-05,primary_ress,0.05,median_prompt_relative_ess,0.12239330421733255,accept,True,True,False,False
SVAMP,689d7ccac74b9983a2ac7cc3b264f441b99e7c53,20260828,200,260,rolling,high_overlap,6,prompt_wis,0.1423332242250156,ok,0.139875,0.0024582242250155983,0.0024582242250155983,0.1270653497664169,0.15974969339178613,0.12425,0.156128125,-0.0036938759630218932,0.008408114430196149,0.0001621607287988172,0.008414633284840755,2000,0.0,1000,16,8,15.27793443155633,0.9548709019722706,0.8339754157713833,0.07921419139814342,0.04429409839227594,0.08951245203265494,0.11587947533612583,0.004987653063024584,0.22288418153013656,-0.045263886731897414,0.09370893593565953,9.0751875,6.25e-05,kl_baseline,0.01,tokenwise_kl_proxy,0.11820255104644571,accept,True,True,False,False
SVAMP,689d7ccac74b9983a2ac7cc3b264f441b99e7c53,20260828,200,260,rolling,high_overlap,6,prompt_wis,0.1423332242250156,ok,0.139875,0.0024582242250155983,0.0024582242250155983,0.1270653497664169,0.15974969339178613,0.12425,0.156128125,-0.0036938759630218932,0.008408114430196149,0.0001621607287988172,0.008414633284840755,2000,0.0,1000,16,8,15.27793443155633,0.9548709019722706,0.8339754157713833,0.07921419139814342,0.04429409839227594,0.08951245203265494,0.11587947533612583,0.004987653063024584,0.22288418153013656,-0.045263886731897414,0.09370893593565953,9.0751875,6.25e-05,kl_baseline,0.02,tokenwise_kl_proxy,0.11820255104644571,accept,True,True,False,False
SVAMP,689d7ccac74b9983a2ac7cc3b264f441b99e7c53,20260828,200,260,rolling,high_overlap,6,prompt_wis,0.1423332242250156,ok,0.139875,0.0024582242250155983,0.0024582242250155983,0.1270653497664169,0.15974969339178613,0.12425,0.156128125,-0.0036938759630218932,0.008408114430196149,0.0001621607287988172,0.008414633284840755,2000,0.0,1000,16,8,15.27793443155633,0.9548709019722706,0.8339754157713833,0.07921419139814342,0.04429409839227594,0.08951245203265494,0.11587947533612583,0.004987653063024584,0.22288418153013656,-0.045263886731897414,0.09370893593565953,9.0751875,6.25e-05,kl_baseline,0.05,tokenwise_kl_proxy,0.11820255104644571,accept,True,True,False,False
SVAMP,689d7ccac74b9983a2ac7cc3b264f441b99e7c53,20260828,100,120,rolling,high_overlap,7,is,0.1414641313669155,ok,0.137,0.00446413136691548,0.00446413136691548,0.12630911446465898,0.1574338732121791,0.12137187499999999,0.153125,-0.0022746138922900153,0.010963497370439456,0.00028895908863985493,0.010963497370439456,2000,0.0,1000,16,8,15.80979721347735,0.9881123258423343,0.9547419816966529,0.020397129173697286,0.011772719915767338,0.07759793029276196,0.09178363335020372,0.001109714632299392,0.1030220596197799,-0.010150906527465132,0.038670917883004224,9.1473125,0.00025,not_applicable,,,,,,,,
SVAMP,689d7ccac74b9983a2ac7cc3b264f441b99e7c53,20260828,100,120,rolling,high_overlap,7,prompt_wis,0.14154874871947187,ok,0.137,0.004548748719471862,0.004548748719471862,0.12647401831182659,0.15658923827406743,0.12137187499999999,0.152628125,-0.002068831969801442,0.01118202239401938,0.0003015966030944603,0.01118202239401938,2000,0.0,1000,16,8,15.80979721347735,0.9881123258423343,0.9547419816966529,0.020397129173697286,0.011772719915767338,0.07759793029276196,0.09178363335020372,0.001109714632299392,0.1030220596197799,-0.010150906527465132,0.038670917883004224,9.1473125,0.00025,primary_ress,0.01,median_prompt_relative_ess,0.12239330421733255,accept,True,True,False,False
SVAMP,689d7ccac74b9983a2ac7cc3b264f441b99e7c53,20260828,100,120,rolling,high_overlap,7,prompt_wis,0.14154874871947187,ok,0.137,0.004548748719471862,0.004548748719471862,0.12647401831182659,0.15658923827406743,0.12137187499999999,0.152628125,-0.002068831969801442,0.01118202239401938,0.0003015966030944603,0.01118202239401938,2000,0.0,1000,16,8,15.80979721347735,0.9881123258423343,0.9547419816966529,0.020397129173697286,0.011772719915767338,0.07759793029276196,0.09178363335020372,0.001109714632299392,0.1030220596197799,-0.010150906527465132,0.038670917883004224,9.1473125,0.00025,primary_ress,0.02,median_prompt_relative_ess,0.12239330421733255,accept,True,True,False,False
SVAMP,689d7ccac74b9983a2ac7cc3b264f441b99e7c53,20260828,100,120,rolling,high_overlap,7,prompt_wis,0.14154874871947187,ok,0.137,0.004548748719471862,0.004548748719471862,0.12647401831182659,0.15658923827406743,0.12137187499999999,0.152628125,-0.002068831969801442,0.01118202239401938,0.0003015966030944603,0.01118202239401938,2000,0.0,1000,16,8,15.80979721347735,0.9881123258423343,0.9547419816966529,0.020397129173697286,0.011772719915767338,0.07759793029276196,0.09178363335020372,0.001109714632299392,0.1030220596197799,-0.010150906527465132,0.038670917883004224,9.1473125,0.00025,primary_ress,0.05,median_prompt_relative_ess,0.12239330421733255,accept,True,True,False,False
SVAMP,689d7ccac74b9983a2ac7cc3b264f441b99e7c53,20260828,100,120,rolling,high_overlap,7,prompt_wis,0.14154874871947187,ok,0.137,0.004548748719471862,0.004548748719471862,0.12647401831182659,0.15658923827406743,0.12137187499999999,0.152628125,-0.002068831969801442,0.01118202239401938,0.0003015966030944603,0.01118202239401938,2000,0.0,1000,16,8,15.80979721347735,0.9881123258423343,0.9547419816966529,0.020397129173697286,0.011772719915767338,0.07759793029276196,0.09178363335020372,0.001109714632299392,0.1030220596197799,-0.010150906527465132,0.038670917883004224,9.1473125,0.00025,kl_baseline,0.01,tokenwise_kl_proxy,0.11820255104644571,accept,True,True,False,False
SVAMP,689d7ccac74b9983a2ac7cc3b264f441b99e7c53,20260828,100,120,rolling,high_overlap,7,prompt_wis,0.14154874871947187,ok,0.137,0.004548748719471862,0.004548748719471862,0.12647401831182659,0.15658923827406743,0.12137187499999999,0.152628125,-0.002068831969801442,0.01118202239401938,0.0003015966030944603,0.01118202239401938,2000,0.0,1000,16,8,15.80979721347735,0.9881123258423343,0.9547419816966529,0.020397129173697286,0.011772719915767338,0.07759793029276196,0.09178363335020372,0.001109714632299392,0.1030220596197799,-0.010150906527465132,0.038670917883004224,9.1473125,0.00025,kl_baseline,0.02,tokenwise_kl_proxy,0.11820255104644571,accept,True,True,False,False
SVAMP,689d7ccac74b9983a2ac7cc3b264f441b99e7c53,20260828,100,120,rolling,high_overlap,7,prompt_wis,0.14154874871947187,ok,0.137,0.004548748719471862,0.004548748719471862,0.12647401831182659,0.15658923827406743,0.12137187499999999,0.152628125,-0.002068831969801442,0.01118202239401938,0.0003015966030944603,0.01118202239401938,2000,0.0,1000,16,8,15.80979721347735,0.9881123258423343,0.9547419816966529,0.020397129173697286,0.011772719915767338,0.07759793029276196,0.09178363335020372,0.001109714632299392,0.1030220596197799,-0.010150906527465132,0.038670917883004224,9.1473125,0.00025,kl_baseline,0.05,tokenwise_kl_proxy,0.11820255104644571,accept,True,True,False,False
SVAMP,689d7ccac74b9983a2ac7cc3b264f441b99e7c53,20260828,300,320,rolling,high_overlap,8,is,0.1493317903744107,ok,0.1555,-0.00616820962558931,0.00616820962558931,0.1334863336893195,0.16543582634916365,0.1386125,0.17251249999999993,-0.012872269274480177,0.00031377972999494864,0.0006333586317196896,0.012872269274480168,2000,0.0,1000,16,8,15.70224016584058,0.9813900103650363,0.9212314517167519,0.02915992452220702,0.01775082602367406,0.0806407941847993,0.09742762042754816,0.0023076419297766737,0.13880557546818761,-0.02092353360490571,0.05713034396168286,9.0670625,0.0,not_applicable,,,,,,,,
SVAMP,689d7ccac74b9983a2ac7cc3b264f441b99e7c53,20260828,300,320,rolling,high_overlap,8,prompt_wis,0.14887380596237215,ok,0.1555,-0.006626194037627847,0.006626194037627847,0.13226186928738196,0.16640794953519106,0.13849687500000002,0.1735,-0.013366059670733321,-0.00014524850569212495,0.0004994493704875224,0.013366059670733317,2000,0.0,1000,16,8,15.70224016584058,0.9813900103650363,0.9212314517167519,0.02915992452220702,0.01775082602367406,0.0806407941847993,0.09742762042754816,0.0023076419297766737,0.13880557546818761,-0.02092353360490571,0.05713034396168286,9.0670625,0.0,primary_ress,0.01,median_prompt_relative_ess,0.12239330421733255,accept,True,True,False,False
SVAMP,689d7ccac74b9983a2ac7cc3b264f441b99e7c53,20260828,300,320,rolling,high_overlap,8,prompt_wis,0.14887380596237215,ok,0.1555,-0.006626194037627847,0.006626194037627847,0.13226186928738196,0.16640794953519106,0.13849687500000002,0.1735,-0.013366059670733321,-0.00014524850569212495,0.0004994493704875224,0.013366059670733317,2000,0.0,1000,16,8,15.70224016584058,0.9813900103650363,0.9212314517167519,0.02915992452220702,0.01775082602367406,0.0806407941847993,0.09742762042754816,0.0023076419297766737,0.13880557546818761,-0.02092353360490571,0.05713034396168286,9.0670625,0.0,primary_ress,0.02,median_prompt_relative_ess,0.12239330421733255,accept,True,True,False,False
SVAMP,689d7ccac74b9983a2ac7cc3b264f441b99e7c53,20260828,300,320,rolling,high_overlap,8,prompt_wis,0.14887380596237215,ok,0.1555,-0.006626194037627847,0.006626194037627847,0.13226186928738196,0.16640794953519106,0.13849687500000002,0.1735,-0.013366059670733321,-0.00014524850569212495,0.0004994493704875224,0.013366059670733317,2000,0.0,1000,16,8,15.70224016584058,0.9813900103650363,0.9212314517167519,0.02915992452220702,0.01775082602367406,0.0806407941847993,0.09742762042754816,0.0023076419297766737,0.13880557546818761,-0.02092353360490571,0.05713034396168286,9.0670625,0.0,primary_ress,0.05,median_prompt_relative_ess,0.12239330421733255,accept,True,True,False,False
SVAMP,689d7ccac74b9983a2ac7cc3b264f441b99e7c53,20260828,300,320,rolling,high_overlap,8,prompt_wis,0.14887380596237215,ok,0.1555,-0.006626194037627847,0.006626194037627847,0.13226186928738196,0.16640794953519106,0.13849687500000002,0.1735,-0.013366059670733321,-0.00014524850569212495,0.0004994493704875224,0.013366059670733317,2000,0.0,1000,16,8,15.70224016584058,0.9813900103650363,0.9212314517167519,0.02915992452220702,0.01775082602367406,0.0806407941847993,0.09742762042754816,0.0023076419297766737,0.13880557546818761,-0.02092353360490571,0.05713034396168286,9.0670625,0.0,kl_baseline,0.01,tokenwise_kl_proxy,0.11820255104644571,accept,True,True,False,False
SVAMP,689d7ccac74b9983a2ac7cc3b264f441b99e7c53,20260828,300,320,rolling,high_overlap,8,prompt_wis,0.14887380596237215,ok,0.1555,-0.006626194037627847,0.006626194037627847,0.13226186928738196,0.16640794953519106,0.13849687500000002,0.1735,-0.013366059670733321,-0.00014524850569212495,0.0004994493704875224,0.013366059670733317,2000,0.0,1000,16,8,15.70224016584058,0.9813900103650363,0.9212314517167519,0.02915992452220702,0.01775082602367406,0.0806407941847993,0.09742762042754816,0.0023076419297766737,0.13880557546818761,-0.02092353360490571,0.05713034396168286,9.0670625,0.0,kl_baseline,0.02,tokenwise_kl_proxy,0.11820255104644571,accept,True,True,False,False
SVAMP,689d7ccac74b9983a2ac7cc3b264f441b99e7c53,20260828,300,320,rolling,high_overlap,8,prompt_wis,0.14887380596237215,ok,0.1555,-0.006626194037627847,0.006626194037627847,0.13226186928738196,0.16640794953519106,0.13849687500000002,0.1735,-0.013366059670733321,-0.00014524850569212495,0.0004994493704875224,0.013366059670733317,2000,0.0,1000,16,8,15.70224016584058,0.9813900103650363,0.9212314517167519,0.02915992452220702,0.01775082602367406,0.0806407941847993,0.09742762042754816,0.0023076419297766737,0.13880557546818761,-0.02092353360490571,0.05713034396168286,9.0670625,0.0,kl_baseline,0.05,tokenwise_kl_proxy,0.11820255104644571,accept,True,True,False,False
